,PRT_ID,AREA,INT_SQFT,Estimate
0,P05996,Chrompet,958,2032600
1,P09294,Anna Nagar,1807,3704100
2,P03807,Karapakkam,1658,3879720
3,P00539,Anna Nagar,1592,4081340
4,P01448,Chrompet,857,1812120
5,P06667,KK Nagar,1818,4724630
6,P09803,Velachery,1584,5330960
7,P05568,Anna Nagar,1860,8492690
8,P05102,Velachery,1701,4472330
9,P04556,Adyar,868,1868980
10,P03782,KK Nagar,1313,4267760
11,P02221,KK Nagar,1785,5296530
12,P03299,Velachery,1608,4619760
13,P08959,Chrompet,832,2328870
14,P09377,Velachery,1818,2421410
15,P09924,Velachery,1730,3779960
16,P01394,Chrompet,1122,2643060
17,P07407,KK Nagar,1606,3527570
18,P08729,Anna Nagar,1976,3428640
19,P09542,Velachery,1954,4077830
20,P01853,Chrompet,1030,2498130
21,P08051,Adyar,1222,4022140
22,P08271,Adyar,856,1790180
23,P02055,Velachery,1957,3263660
24,P01462,Adyar,1011,2371030
25,P03664,Velachery,1725,5047200
26,P02370,Adyar,1238,2269260
27,P07852,Anna Nagar,1691,6303910
28,P06278,KK Nagar,2085,6745100
29,P08467,Chrompet,1021,4046510
30,P00992,Anna Nagar,1514,4454690
31,P05942,Chrompet,1030,2143380
32,P03989,Chrompet,906,2129700
33,P07060,T Nagar,1539,3102250
34,P00285,Anna Nagar,1743,4586430
35,P04718,Karapakkam,520,2713800
36,P00956,Anna Nagar,1823,3144030
37,P07903,KK Nagar,1565,5324580
38,P09166,Velachery,1941,2842850
39,P04499,Karapakkam,1383,2664650
40,P04015,Karapakkam,789,1286030
41,P09376,Velachery,1970,3514180
42,P00012,Chrompet,726,1854010
43,P08995,Anna Nagar,1737,3475690
44,P02323,Karapakkam,980,3438990
45,P01359,Chrompet,776,2555940
46,P07090,Chrompet,1257,4589890
47,P08475,Adyar,1118,4212180
48,P02125,Velachery,1575,5622790
49,P07915,Anna Nagar,1617,6064190
50,P06139,Adyar,1193,2679310
51,P03073,Karapakkam,1371,2367390
52,P08441,Chrompet,1070,2566300
53,P01565,Velachery,1550,3227780
54,P00791,Chrompet,1030,2520000
55,P06751,Adyar,676,4795380
56,P04554,Karapakkam,1651,5294740
57,P03839,Karapakkam,1313,3176420
58,P01409,Chrompet,743,3551780
59,P07431,KK Nagar,1394,4422920
60,P03489,KK Nagar,2351,5706460
61,P06387,Velachery,1522,2665330
62,P06779,Chrompet,1121,2547170
63,P01889,Adyar,1063,3243780
64,P06149,Adyar,1132,4109080
65,P08873,T Nagar,1622,3386740
66,P03425,KK Nagar,1470,6026150
67,P09806,Velachery,1705,3625040
68,P04345,KK Nagar,1912,4917040
69,P04042,KK Nagar,1341,4195250
70,P09781,Velachery,1884,2428040
71,P00254,Chrompet,1235,3756110
72,P09091,Anna Nagar,1865,5181620
73,P04061,KK Nagar,1472,4657390
74,P06644,Karapakkam,1266,2530100
75,P08517,Chrompet,1287,4116660
76,P07492,Adyar,1089,3413560
77,P04452,T Nagar,1939,4067720
78,P08144,Chrompet,919,2562110
79,P02854,Karapakkam,932,2669720
80,P04835,Chrompet,1240,2726680
81,P00455,T Nagar,1623,4321940
82,P07396,Adyar,830,2366390
83,P07777,Adyar,651,2293030
84,P05423,Chrompet,1024,3057080
85,P05820,T Nagar,1512,5553630
86,P01309,Chrompet,723,2602560
87,P04343,Karapakkam,876,2025280
88,P05167,Adyar,995,2694560
89,P03621,Chrompet,726,2376620
90,P01131,T Nagar,1755,6004350
91,P04092,Adyar,688,1720140
92,P07035,Adyar,1087,2916300
93,P04257,Adyar,1146,3660400
94,P00928,Anna Nagar,1710,5461760
95,P09597,Velachery,1533,3273850
96,P09744,Velachery,1596,5229730
97,P08951,Chrompet,742,2099980
98,P03143,Karapakkam,1538,2911720
99,P00062,Chrompet,724,2062860
100,P06406,Karapakkam,1216,3803230
101,P07835,Adyar,938,2677790
102,P00485,Chrompet,782,2326950
103,P09288,Chrompet,1160,3950100
104,P04002,Karapakkam,983,4132180
105,P04853,Chrompet,1142,2505450
106,P03361,Karapakkam,1278,4115170
107,P05281,Velachery,1876,3325810
108,P06568,KK Nagar,2140,4440800
109,P07595,Adyar,680,2618800
110,P02829,KK Nagar,2243,6662530
111,P03226,Karapakkam,1306,2941900
112,P03068,T Nagar,1899,3961420
113,P04223,Chrompet,949,2301510
114,P01682,Karapakam,544,2565760
115,P01342,Chrompet,893,2301120
116,P01954,KK Nagar,1766,4430100
117,P03346,KK Nagar,1876,5681920
118,P06090,Karapakkam,747,2726500
119,P08664,Velachery,1639,3560000
120,P02701,KK Nagar,2130,4745260
121,P03668,Chrompet,941,4374460
122,P05791,Karapakkam,1129,3143950
123,P04571,Karapakkam,1617,2369960
124,P04306,KK Nagar,1747,3541410
125,P06965,Chrompet,1139,2844550
126,P00968,Chrompet,914,3287590
127,P07351,Velachery,1615,3155140
128,P07627,Velachery,1971,4674110
129,P02263,Karapakkam,1402,1893940
130,P00900,Chrompet,746,2579180
131,P05532,Velachery,1945,3741610
132,P02420,KK Nagar,1851,4110510
133,P02948,KK Nagar,1776,4588700
134,P02449,Karapakkam,1639,3936350
135,P04555,Adyar,960,3330780
136,P08461,Adyar,1296,5781380
137,P03817,Adyar,1199,4266460
138,P01194,T Nagar,1765,5926820
139,P00096,Chrompet,1212,4167490
140,P06955,KK Nagar,1693,3679120
141,P07375,Chrompet,1117,2882830
142,P01198,Chrompet,1008,2871120
143,P06393,Chrompet,702,2240190
144,P00973,T Nagar,1702,7276910
145,P08413,T Nagar,1837,4180750
146,P08452,Adyar,1129,3610010
147,P05808,KK Nagar,2379,8241670
148,P01732,Karapakkam,1690,3005530
149,P03265,Karapakkam,811,4182520
150,P09269,Velachery,1778,5217200
151,P02005,KK Nagar,2291,4605150
152,P09884,Velachery,1558,2711850
153,P03077,Velachery,1671,4060420
154,P02144,KK Nagar,2236,4946270
155,P01972,Karapakkam,1115,2166940
156,P03272,KK Nagar,2264,6442440
157,P04748,T Nagar,1960,4278650
158,P09255,T Nagar,1883,5180150
159,P02072,Karapakkam,1578,5257560
160,P05111,KK Nagar,2352,8400740
161,P05943,KK Nagar,2143,3671110
162,P04135,KK Nagar,1611,7409640
163,P03351,Velachery,1998,3327320
164,P02627,Chrompet,882,2608230
165,P02406,Karapakkam,1301,3197250
166,P05640,Karapakkam,1348,3999550
167,P09231,Chrompet,880,3998810
168,P06390,Chrompet,770,2365760
169,P08275,KK Nagar,1589,3700030
170,P00571,Chrompet,760,2124360
171,P03094,Velachery,1989,5384000
172,P02145,KK Nagar,1666,5803290
173,P01403,Chrompet,1274,3011220
174,P00398,Chrompet,1006,2742300
175,P05079,Chrompet,924,2980980
176,P08844,Anna Nagar,1503,3534020
177,P05122,Velachery,1876,4670920
178,P02734,T Nagar,1967,3663480
179,P07188,Velachery,1648,5010390
180,P05561,Velachery,1566,4557900
181,P00652,Anna Nagar,1645,4666090
182,P01072,Chrompet,1148,2626160
183,P00385,Chrompet,1220,2481490
184,P05519,Karapakkam,1569,5004690
185,P01410,Chrompet,736,2370390
186,P05804,Karapakkam,1429,3042900
187,P07515,Adyar,1020,4146950
188,P00691,Chrompet,1192,2314010
189,P03592,Karapakkam,815,3345410
190,P09493,Velachery,1522,4179290
191,P04172,Karapakkam,878,3089000
192,P01605,Chrompet,1298,2640220
193,P03956,Karapakkam,1365,2733400
194,P05076,Karapakkam,1134,3956460
195,P05695,Anna Nagar,1815,4936640
196,P00993,Chrompet,979,3515380
197,P02468,Karapakkam,1605,4861000
198,P06320,Karapakkam,1026,1734500
199,P02001,Karapakkam,1580,5641920
200,P08770,Chrompet,985,2469690
201,P00229,T Nagar,1583,6798600
202,P06646,Karapakkam,1677,5294320
203,P04466,Karapakkam,1189,3629930
204,P05793,Velachery,1599,2835850
205,P01750,Velachery,1509,3409570
206,P09131,Adyar,1070,2785970
207,P02168,Velachery,1710,3031760
208,P02511,Adyar,755,2213980
209,P07343,Chrompet,1228,2778630
210,P01376,T Nagar,1878,6246380
211,P07422,KK Nagar,1486,5760670
212,P01769,Karapakkam,1546,3205260
213,P08586,Velachery,1812,3419540
214,P06488,Karapakkam,1648,2828700
215,P01230,Chrompet,1148,2482080
216,P02908,Chrompet,723,1936160
217,P08831,T Nagar,1805,5912550
218,P03288,Velachery,1567,5095050
219,P00680,Chrompet,796,1815060
220,P02031,Adyar,867,2475980
221,P04875,Karapakkam,1207,2788520
222,P07956,KK Nagar,2417,3847940
223,P08447,Adyar,981,2934320
224,P05865,Chrompet,1231,2810070
225,P09672,Velachery,1864,5662440
226,P09920,Velachery,1912,2788210
227,P04910,Karapakkam,1409,3172000
228,P00162,Chrompet,1225,3487190
229,P01825,KK Nagar,2001,3304490
230,P05292,Chrompet,738,2431800
231,P02712,Chrompet,1088,3169200
232,P07747,Chrompet,733,2625510
233,P07472,Anna Nagar,1973,3406540
234,P00068,T Nagar,1683,4446220
235,P00750,Chrompet,1289,5179140
236,P01938,KK Nagar,1302,5423610
237,P08240,Chrompet,1089,2551720
238,P05994,Karapakkam,1386,3717240
239,P00744,Chrompet,1238,3626400
240,P00792,T Nagar,1607,5006680
241,P04083,Karapakkam,847,2223240
242,P01744,KK Nagar,2444,4313000
243,P03503,T Nagar,1522,3322890
244,P04256,Karapakkam,965,2438310
245,P05332,Karapakkam,1622,3819050
246,P04078,KK Nagar,1668,4755200
247,P06574,KK Nagar,2290,6716960
248,P04752,Karapakkam,1561,3822620
249,P03316,Karapakkam,1541,4187930
250,P07291,KK Nagar,1628,4422100
251,P07280,KK Nagar,1358,5376390
252,P04397,Karapakkam,1469,2601930
253,P02025,Chrompet,928,3618020
254,P09003,Velachery,1782,5902900
255,P03088,KK Nagar,1588,2870660
256,P05216,KK Nagar,1895,5089640
257,P00823,T Nagar,1567,3072870
258,P07932,Anna Nagar,1702,5163850
259,P02680,KK Nagar,1309,5737760
260,P03407,Karapakkam,1533,4918200
261,P06860,Adyar,1289,4250600
262,P06832,KK Nagar,1364,2842630
263,P00361,T Nagar,1676,6759070
264,P06394,Chrompet,1096,2745380
265,P03881,Karapakkam,971,2561330
266,P02725,Karapakkam,863,3349100
267,P00544,Anna Nagar,1953,5668210
268,P08809,Velachery,1655,3725780
269,P02307,KK Nagar,1482,4427540
270,P08485,Velachery,1804,3622420
271,P09159,Anna Nagar,1802,5439100
272,P01398,T Nagar,1535,2628850
273,P02495,Karapakkam,1393,2379620
274,P08769,Chrompet,1048,2440330
275,P00458,Chrompet,960,3093420
276,P05850,T Nagar,1709,6678180
277,P06648,Chrompet,1168,2525180
278,P05003,Karapakkam,1380,3216890
279,P03602,KK Nagar,1710,7232120
280,P03201,Karapakkam,1447,3671090
281,P00489,Anna Nagar,1537,4117520
282,P06958,Chrompet,724,2125650
283,P04750,KK Nagar,1495,3430060
284,P06660,KK Nagar,1362,4153040
285,P04403,Chrompet,1150,3493730
286,P04175,Adyar,1212,3701810
287,P07433,KK Nagar,1886,4203070
288,P03525,Chrompet,994,2684150
289,P09373,Chrompet,862,1831300
290,P05845,Karapakkam,1217,2865930
291,P05717,Karapakkam,1676,4343880
292,P00953,Chrompet,1283,3189920
293,P01301,T Nagar,1841,3194840
294,P07032,Adyar,759,2288450
295,P09312,Velachery,1532,2446660
296,P02357,Velachery,1714,4281600
297,P00029,Anna Nagar,1505,3518720
298,P06760,KK Nagar,1886,4857780
299,P03206,Velachery,1537,3667430
300,P08261,Velachery,1686,4222490
301,P07838,KK Nagar,1533,6551780
302,P03558,Anna Nagar,1565,3895800
303,P03700,Karapakkam,1098,3208730
304,P06412,KK Nagar,1434,5405390
305,P04043,KK Nagar,2176,3869560
306,P03850,KK Nagar,1596,3207380
307,P05426,Karapakkam,987,2686270
308,P00178,Chrompet,1036,2269710
309,P03363,Chrompet,863,3103080
310,P01018,Anna Nagar,1960,4944190
311,P00572,Chrompet,771,2903230
312,P02373,Chrompet,1015,3290250
313,P04813,Karapakkam,1509,3025670
314,P05372,Karapakkam,1059,2289020
315,P04285,Karapakkam,1398,4289140
316,P00459,Anna Nagar,1633,4748560
317,P02208,Chrompet,829,1627610
318,P08567,Velachery,1857,2701620
319,P07415,Anna Nagar,1988,7843690
320,P02413,KK Nagar,1552,4226000
321,P02586,Karapakkam,1404,3918500
322,P05842,Chrompet,1007,2941000
323,P05225,Velachery,1617,5085950
324,P03024,Karapakkam,1382,3723830
325,P04596,Karapakkam,566,1188680
326,P01389,Anna Nagar,1939,4013070
327,P03708,Velachery,1528,2491590
328,P08783,Adyar,1288,3093760
329,P06624,Chrompet,1247,4156000
330,P02243,KK Nagar,2217,7760160
331,P00020,Chrompet,753,1793470
332,P05876,Karapakkam,1180,2674980
333,P07232,Adyar,1079,2611130
334,P02855,Velachery,1618,3953100
335,P09303,Adyar,878,3481770
336,P02015,Karapakkam,1640,3220470
337,P05454,KK Nagar,1537,6291790
338,P07348,T Nagar,1510,4587630
339,P03637,Anna Nagar,1543,3962830
340,P00263,Chrmpet,1261,2030440
341,P02270,Anna Nagar,1607,4531940
342,P06691,Adyar,1178,2581170
343,P04068,Karapakkam,660,2708260
344,P04812,Chrompet,974,2485820
345,P05806,KK Nagar,1851,7749450
346,P08297,Chrompet,722,2869800
347,P09086,Anna Nagar,1719,8149460
348,P00775,Chrompet,989,3352940
349,P06970,Velachery,1988,5590390
350,P07630,Adyar,712,2988570
351,P06558,Karapakkam,696,1524940
352,P01847,Karapakkam,1242,4675710
353,P04412,Karapakkam,911,2031660
354,P05028,Velachery,1703,2983540
355,P04089,Karapakkam,884,1596180
356,P03672,Chrompet,1063,2786510
357,P05147,Adyar,795,3011450
358,P08288,Chrompet,1148,3310700
359,P01330,Chrompet,916,3563330
360,P04020,Chrompet,1041,2699670
361,P07516,Adyar,925,3127910
362,P03129,KK Nagar,2170,5096990
363,P07204,Chrompet,989,4457940
364,P02045,Chrompet,1170,2549530
365,P08996,T Nagar,1967,4959580
366,P00574,Chrompet,1166,2469610
367,P02149,KK Nagar,2199,3996190
368,P09851,Velachery,1894,5343600
369,P00509,Anna Nagar,1910,9001070
370,P00136,T Nagar,1746,4985980
371,P02618,Anna Nagar,1899,4104200
372,P07265,Adyar,1111,3065170
373,P00855,T Nagar,1897,6002840
374,P03046,Karapakkam,1263,3544980
375,P10026,Velachery,1672,3232940
376,P00177,Chrompet,823,2764130
377,P09301,Adyar,636,2778240
378,P03284,Karapakkam,1461,2651700
379,P06088,Chrompet,1085,2180430
380,P01106,Chrompet,767,2256070
381,P05623,Velachery,1740,4139020
382,P01357,Anna Nagar,1548,6319930
383,P00215,Anna Nagar,1526,5490720
384,P05023,Anna Nagar,1627,5523240
385,P02983,Karapakkam,1585,2343600
386,P05782,Adyar,1011,2875170
387,P05733,Velachery,1729,5694310
388,P02670,Karapakkam,1507,3203810
389,P08342,Chrompet,941,2697410
390,P09732,Velachery,1646,4090250
391,P05262,KK Nagar,2182,4607340
392,P05661,Karapakkam,1362,3929090
393,P07639,Anna Nagar,1509,3109550
394,P08096,Chrompet,1045,3933040
395,P09511,Anna Nagar,1646,4577520
396,P00822,Chrompet,1191,3475310
397,P06290,Velachery,1702,3447020
398,P06505,Anna Nagar,1920,4160650
399,P07653,KK Nagar,1732,3887960
400,P06447,T Nagar,1839,5775570
401,P04980,Karapakkam,1661,3496820
402,P05638,Anna Nagar,1678,3492700
403,P07544,KK Nagar,1308,3745960
404,P01335,Chrompet,837,2877630
405,P05311,Chrompet,826,2427220
406,P03627,Karapakkam,1691,4017030
407,P03784,Karapakkam,720,2676870
408,P01464,Anna Nagar,1607,5025460
409,P01171,Chrompet,1277,2845560
410,P07123,KK Nagar,1464,3353900
411,P09662,Velachery,1968,5133400
412,P03540,Velachery,1576,2905960
413,P05302,Karapakkam,877,3025800
414,P08705,Adyar,1118,2711220
415,P06665,Chrompet,844,1656630
416,P04037,Karapakkam,1045,3819690
417,P00325,Chrompet,998,2667920
418,P08837,Chrompet,1136,3843490
419,P05445,Karapakkam,1642,5462100
420,P00292,Chrompet,897,2643770
421,P05044,Karapakkam,1383,5013430
422,P03002,Adyar,732,1952600
423,P05551,KK Nagar,1512,4336180
424,P01037,T Nagar,1709,6733200
425,P02316,Karapakkam,1442,3633130
426,P07532,KK Nagar,2185,7169520
427,P02051,Karapakkam,1660,3836720
428,P00817,Chrompet,964,3269670
429,P05975,Karapakkam,718,3177810
430,P09942,Velachery,1507,2486560
431,P00488,Chrompet,837,3229860
432,P03977,Velachery,1542,3097470
433,P07179,Chrompet,1125,3820200
434,P04074,Adyar,1036,3088910
435,P04318,Anna Nagar,1886,5463090
436,P07771,Chrompet,907,3316910
437,P06431,T Nagar,1790,3370650
438,P00647,Chrompet,991,4456580
439,P03725,KK Nagar,2076,4830430
440,P00359,T Nagar,1964,5169240
441,P03884,Karapakkam,836,2830750
442,P04772,Karapakkam,812,2179770
443,P04202,Adyar,876,2838030
444,P07384,Velachery,1647,4235670
445,P09375,Velachery,1837,2971120
446,P02603,Adyar,906,3025950
447,P05744,Velachery,1516,3960380
448,P00454,Chrompet,749,2698320
449,P03580,Chrompet,706,3145680
450,P01351,Chrompet,1226,3236500
451,P05632,Adyar,809,3250190
452,P02658,KK Nagar,2351,5611750
453,P03487,Anna Nagar,1683,3885540
454,P05745,Adyar,735,2690530
455,P08616,T Nagar,1887,7878870
456,P00575,Chrompet,1113,2675010
457,P00782,Anna Nagar,1744,4508490
458,P09266,Adyar,657,1917020
459,P05541,Velachery,1609,3114040
460,P07213,Chrompet,915,3725840
461,P03123,Adyar,1211,2652740
462,P01741,Adyar,1131,2675540
463,P04336,KK Nagar,1488,4614650
464,P02060,KK Nagar,2377,7440590
465,P04800,Adyar,1271,3836510
466,P01707,Adyar,888,2787220
467,P06617,Chrompet,701,2196040
468,P08260,KK Nagar,1551,3464500
469,P07352,Chrompet,1129,3403920
470,P01510,Karapakkam,1023,1527330
471,P06564,Karapakkam,1448,6026920
472,P08889,Chrompet,976,2523320
473,P07268,Velachery,1835,4181990
474,P08641,Adyar,1016,4352610
475,P03743,Velachery,1804,2820900
476,P08861,Chrompet,1202,2990160
477,P07687,Chrompet,828,2922980
478,P06080,Karapakkam,1221,1868720
479,P01691,Karapakkam,1150,3725470
480,P03308,Karapakkam,1029,3042880
481,P00113,T Nagar,1531,3602940
482,P04949,Chrompet,725,2718560
483,P04243,Karapakkam,1084,4306160
484,P04199,KK Nagar,2280,3795650
485,P02919,Velachery,1782,4510940
486,P06267,Chrompet,1041,2000610
487,P07383,KK Nagar,1808,4503470
488,P05429,KK Nagar,1590,6235390
489,P07746,Chrompet,729,2616610
490,P08241,Anna Nagar,1978,4023620
491,P00774,Chrompet,1257,2983840
492,P02143,Adyar,1104,5161610
493,P00054,Anna Nagar,1933,4792090
494,P05676,Chrompet,1294,3146350
495,P05875,Karapakkam,796,1663920
496,P05395,Adyar,1030,4137810
497,P07026,Chrompet,1023,2448080
498,P09598,Velachery,1802,2937040
499,P09339,T Nagar,1799,5556970
500,P03381,Karapakkam,1143,2782350
501,P08655,Chrompet,1300,3555960
502,P02719,Karapakkam,841,2525990
503,P06426,Chrompet,988,3145730
504,P06890,KK Nagar,2059,4370360
505,P02086,Karapakkam,1397,2582220
506,P00830,Chrompet,933,1798840
507,P06941,KK Nagar,2124,8116720
508,P02557,Karapakkam,1665,4491530
509,P07158,Velachery,1588,5203980
510,P08899,Chrompet,1110,2647850
511,P10027,Velachery,1853,3281700
512,P03382,Karapakkam,596,1244530
513,P02619,Karapakkam,1412,4945810
514,P01966,Chrompet,1244,4548520
515,P01898,KK Nagar,1851,7176870
516,P08328,T Nagar,1845,4854060
517,P08153,Adyar,815,3403720
518,P03374,Karapakkam,973,2272570
519,P02884,Karapakkam,1430,4921630
520,P04956,Karapakkam,1674,3088680
521,P03101,Chrompet,1036,2290280
522,P02129,Karapakkam,1626,3633000
523,P08409,Anna Nagar,1807,3521370
524,P04789,Velachery,1814,3650980
525,P06595,Anna Nagar,1834,5120390
526,P08818,Anna Nagar,1774,6688940
527,P00049,Anna Nagar,1519,6554120
528,P08666,Chrompet,1222,3857240
529,P05554,Velachery,1504,4194150
530,P07193,KK Nagar,2414,6580510
531,P09408,Adyar,897,3782180
532,P04719,Velachery,1996,3843150
533,P04932,Velachery,1665,2348150
534,P08708,Anna Nagar,1768,7376170
535,P02340,KK Nagar,1602,6050900
536,P03249,KK Nagar,2461,4949720
537,P06831,KK Nagar,1830,4216720
538,P08001,Chrompet,823,2384610
539,P03973,Karapakkam,677,1519180
540,P00444,Chrompet,875,3474240
541,P04158,Velachery,1581,3246000
542,P05855,KK Nagar,2330,4637030
543,P07262,KK Nagar,2284,4507050
544,P05559,Karapakkam,632,2183420
545,P05021,Adyar,966,3423660
546,P04934,KK Nagar,2277,7404730
547,P04829,Karapakkam,675,2596590
548,P00660,Chrompet,755,2897180
549,P03892,KK Nagar,1395,4377640
550,P01406,Chrompet,722,2526310
551,P01094,Chrompet,982,2566090
552,P05683,Velachery,1814,3543250
553,P07631,Chrompet,1123,2858550
554,P00484,Anna Nagar,1639,4721320
555,P05440,Karapakkam,910,2858240
556,P04666,Anna Nagar,1814,4717850
557,P08189,Adyar,732,3420980
558,P09308,Velachery,1661,2199790
559,P05750,KK Nagar,1601,4634680
560,P00197,Chrompet,791,3742560
561,P01039,Chrompet,1159,3177350
562,P09092,Velachery,1616,2572700
563,P06411,Chrompet,767,2396800
564,P04634,Karapakkam,650,2880270
565,P09504,Anna Nagar,1580,5688070
566,P01248,Chrompet,757,2441040
567,P00972,T Nagar,1897,4887330
568,P00715,Chrompet,1023,3093060
569,P02242,T Nagar,1632,3615130
570,P07921,Chrompet,913,2407400
571,P00696,Chrompet,1251,3809320
572,P08880,Chrompet,907,2617120
573,P07657,Adyar,1078,2260140
574,P06355,Karapakkam,908,2300850
575,P06033,Karapakkam,1635,2488540
576,P00383,Chrompet,705,1887820
577,P09085,T Nagar,1681,6718640
578,P06524,Karapakkam,1276,2729270
579,P01567,KK Nagar,2100,4650520
580,P09132,Chrompet,756,2000430
581,P00940,T Nagar,1966,4890820
582,P08171,Anna Nagar,1722,5141640
583,P00456,T Nagar,1626,4840990
584,P04128,Velachery,1981,2393830
585,P02328,Anna Nagar,1728,4004680
586,P00793,Anna Nagar,1943,4655700
587,P02409,KK Nagar,1417,2797140
588,P01064,Chrompet,1183,4374330
589,P05038,KK Nagar,1357,3715240
590,P05479,Chrompet,870,2267460
591,P00326,Chrompet,799,2543070
592,P00974,Chrompet,799,2379850
593,P05278,KK Nagar,1923,4021070
594,P08168,Chrompet,949,2863390
595,P05103,KK Nagar,2259,4901860
596,P04646,KK Nagar,1497,4137590
597,P08299,Anna Nagar,1582,4272460
598,P00859,Chrompet,1212,3150410
599,P02708,Karapakkam,591,2147400
600,P09223,Chrompet,1156,2657190
601,P03765,Chrompet,850,2718130
602,P03835,Anna Nagar,1882,4371040
603,P02787,KK Nagar,2020,5550290
604,P00567,Anna Nagar,1712,8132640
605,P01184,Anna Nagar,1765,8308140
606,P04181,Karapakkam,1024,2685150
607,P01221,Anna Nagar,1694,4642360
608,P09360,Velachery,1688,3094300
609,P07530,Chrompet,869,3223260
610,P04603,Karapakkam,1309,2969510
611,P01306,Chrompet,856,2724710
612,P08283,Anna Nagar,1571,6552620
613,P05162,T Nagar,1536,3382340
614,P09889,Velchery,1749,4286710
615,P09432,Chrompet,1216,2944720
616,P01524,KK Nagar,2421,8508220
617,P07172,Velachery,1590,4445880
618,P03266,Karapakkam,1557,3145620
619,P07889,Adyar,1216,3836960
620,P04431,Karapakkam,1507,3323780
621,P01797,Karapakkam,1147,3350160
622,P00268,Chrompet,1142,3716220
623,P08897,Chrompet,1004,3908600
624,P04788,Karapakkam,523,2954450
625,P08215,Chrompet,771,3379550
626,P03595,KK Nagar,1565,4568430
627,P01202,Chrompet,1270,3755150
628,P01297,T Nagar,1975,4373150
629,P00618,Anna Nagar,1777,5036640
630,P05952,KK Nagar,2484,6712210
631,P00102,T Nagar,1975,5215630
632,P09921,Velachery,1950,5463730
633,P09040,Chrompet,1193,4311810
634,P01561,T Nagar,1581,5903320
635,P03040,Karapakkam,1593,4998210
636,P01726,Karapakkam,1558,2871980
637,P08303,KK Nagar,1517,4734910
638,P08679,Adyar,1279,2730620
639,P00044,Chrompet,1246,3615960
640,P03533,Karapakkam,1050,2185760
641,P04424,Velachery,1888,3255620
642,P04909,KK Nagar,2400,6392380
643,P00235,Anna Nagar,1569,3085200
644,P05419,Karapakkam,1605,3894420
645,P05054,Chrompet,1280,2637660
646,P03596,Karapakkam,920,2281130
647,P07307,T Nagar,1687,4550230
648,P05807,KK Nagar,1609,3694630
649,P05815,Karapakkam,1530,2229230
650,P09586,Velachery,1621,4081790
651,P07811,Velachery,1852,2906610
652,P06349,Velachery,1629,2088310
653,P02253,Karapakkam,1374,3136660
654,P02795,KK Nagar,2398,6032750
655,P06160,Karapakkam,664,807920
656,P00762,Anna Nagar,1704,6231510
657,P00731,Anna Nagar,1746,4597200
658,P02460,Karapakkam,1439,3610870
659,P03135,Chrompet,1283,4185290
660,P00013,Chrompet,1187,2503200
661,P02202,Velachery,1742,3210600
662,P05706,T Nagar,1543,6977780
663,P06135,Velachery,1807,3116730
664,P05349,KK Nagar,2104,5632690
665,P06331,Karapakkam,677,2933330
666,P03673,Anna Nagar,1744,2974010
667,P07108,KK Nagar,1502,4475130
668,P03471,Adyar,701,3074090
669,P06194,Adyar,808,3393710
670,P05433,Chrompet,743,2078310
671,P03263,Chrompet,1065,3014000
672,P05463,Velachery,1870,3789480
673,P02095,Adyar,1092,2734660
674,P04411,Karapakkam,518,1861020
675,P02266,Anna Nagar,1929,4471480
676,P04589,Karapakkam,573,2448320
677,P02187,Adyar,1174,5135940
678,P03438,Velachery,1665,4260750
679,P09224,Chrompet,749,2818180
680,P08410,Adyar,1044,2830250
681,P09790,Velachery,1693,3627670
682,P09729,Velachery,1790,3873460
683,P04857,Karapakkam,566,3746890
684,P06887,Chrompet,925,3491960
685,P04640,Karapakkam,914,3587900
686,P00207,Chrompet,1223,3185820
687,P03508,Karapakkam,1371,2507860
688,P05938,Adyar,702,1957700
689,P03547,Velachery,1509,5246420
690,P05288,Karapakkam,886,2484090
691,P05420,Karapakkam,526,1519120
692,P02326,Adyar,789,4475770
693,P06785,Velachery,2000,3540430
694,P07151,Anna Nagar,1644,3229440
695,P04014,KK Nagar,1545,6467420
696,P08263,Adyar,1240,3901960
697,P07365,KK Nagar,2316,6290000
698,P09960,Velachery,1959,3255360
699,P02196,Karapakkam,1187,3189590
700,P07441,Chrompet,1032,2215990
701,P09069,Velachery,1643,5461230
702,P05937,Velachery,1591,2534660
703,P05930,KK Nagar,1742,3849720
704,P01100,Chrompet,1295,3524680
705,P03395,Adyar,949,4050210
706,P07971,KK Nagar,1542,3706590
707,P04746,Adyar,709,3061980
708,P08162,Chrompet,809,3367760
709,P07666,Adyar,607,2865810
710,P04537,Karapakkam,844,3190300
711,P03593,T Nagar,1689,4996170
712,P01054,Anna Nagar,1578,5141460
713,P07884,Velachery,1914,4757620
714,P01290,Chrompet,1085,3064300
715,P00320,T Nagar,1678,4421510
716,P04621,Karapakkam,1293,2610950
717,P03877,T Nagar,1534,5407870
718,P06541,Anna Nagar,1581,3160340
719,P08952,Chrompet,705,2479390
720,P04902,Chrompet,1076,2078010
721,P01800,Velachery,1926,3419940
722,P08866,T Nagar,1627,4575110
723,P04898,Karapakkam,822,3241150
724,P09112,Velachery,1808,3973880
725,P04962,T Nagar,1626,4134070
726,P09567,Velachery,1553,4492050
727,P04072,Karapakkam,870,3545800
728,P07859,Anna Nagar,1792,4245600
729,P09852,Velachery,1722,3657540
730,P09042,T Nagar,1923,5173650
731,P01141,Chrompet,1070,2653040
732,P00805,Chrompet,723,2621850
733,P05860,T Nagar,1902,6240160
734,P03638,KK Nagar,2026,8422920
735,P05972,Anna Nagar,1798,3501720
736,P09829,Velachery,1931,6195300
737,P07286,KK Nagar,1975,3746780
738,P01416,Chrompet,1197,2079540
739,P02104,Adyar,683,3087730
740,P03028,Karapakkam,1128,3379110
741,P07450,Chrompet,1151,2058260
742,P08176,Chrompet,1098,2722320
743,P06305,Karapakkam,1024,3198390
744,P01242,Chrompet,1212,4225050
745,P02341,KK Nagar,1887,3783800
746,P01842,Karapakkam,889,2173190
747,P06403,Chrompet,1157,2641530
748,P07301,Chrompet,753,2487630
749,P09454,Chrompet,784,2505120
750,P02514,Adyar,672,2136400
751,P01440,Adyar,783,3638920
752,P07960,KK Nagar,1947,3688700
753,P07390,KK Nagar,1414,3514600
754,P08137,Adyar,949,4419100
755,P02599,Velachery,1511,4253890
756,P07625,KK Nagar,1515,3508510
757,P07970,T Nagar,1589,4721400
758,P00038,Anna Nagar,1655,4705910
759,P07030,Velachery,1576,3319590
760,P03591,KK Nagar,2500,4270780
761,P00492,Chrompet,1258,2701560
762,P05265,Chrompet,948,3592060
763,P09261,Velachery,1734,3193470
764,P09858,Velachery,1690,3540560
765,P04062,Karapakkam,738,2197650
766,P00260,Chrompet,1168,3973060
767,P01610,Karapakkam,523,3577820
768,P05645,KK Nagar,1356,3518140
769,P00336,Anna Nagar,1867,5740460
770,P07797,Velachery,1913,4597500
771,P02312,Anna Nagar,1905,3733750
772,P04276,Chrompet,1270,3606160
773,P05730,Adyar,1283,4853670
774,P02704,T Nagar,1507,5297980
775,P00232,Chrompet,821,2342340
776,P07615,Adyar,758,3006010
777,P06795,T Nagar,1937,4495610
778,P06949,Chrompet,1116,2288840
779,P04559,KK Nagar,1527,3909760
780,P05689,KK Nagar,1551,5428390
781,P04881,T Nagar,1729,5743980
782,P05848,Karapakkam,1462,3295160
783,P05839,Velachery,1645,3861600
784,P04496,Velachery,1918,5160950
785,P08638,T Nagar,1872,8246200
786,P09949,Velachery,1933,3465000
787,P09995,Velachery,1607,3372170
788,P08243,KK Nagar,1510,3452890
789,P02538,Velachery,1817,3718940
790,P07590,Anna Nagar,1527,2884590
791,P00710,Anna Nagar,1933,6137000
792,P02942,Adyar,1279,2947810
793,P03092,Karapakkam,907,2453920
794,P07694,KK Nagar,1405,3233290
795,P03788,Karapakkam,1129,2998300
796,P08111,Velachery,1603,3129500
797,P09810,Velachery,1963,4332350
798,P06309,Anna Nagar,1997,4944720
799,P02728,Adyar,939,3818970
800,P07655,Adyar,905,4515320
801,P00124,Chrompet,1292,3215850
802,P02546,Velachery,1703,4898680
803,P08013,T Nagar,1878,8509260
804,P01044,Anna Nagar,1534,3006290
805,P02295,Adyar,747,3244900
806,P10011,Velachery,1949,4424780
807,P08259,Chrompet,1011,2709140
808,P01716,Adyar,740,2807240
809,P04251,Karapakkam,629,1232180
810,P08497,Velachery,1730,4942820
811,P00835,Chrompet,703,2619590
812,P00996,Chrompet,1209,2507490
813,P09897,Velachery,1561,3483870
814,P05993,KK Nagar,2400,7219800
815,P09757,Velachery,1589,3311060
816,P04654,KK Nagar,1390,5108550
817,P03643,Chrompet,883,3189660
818,P05939,KK Nagar,2423,7102720
819,P01192,Anna Nagar,1895,4675720
820,P03238,Chrompet,1201,4249390
821,P05146,Karapakkam,1092,4420910
822,P07037,T Nagar,1658,3981540
823,P07214,KK Nagar,1547,6321020
824,P01461,Adyar,1162,3613490
825,P01648,Karapakkam,1401,2036710
826,P02175,KK Nagar,1558,5664750
827,P04120,Karapakkam,909,2237540
828,P05988,Adyar,957,3573890
829,P05721,Karapakkam,1664,4171680
830,P04464,Anna Nagar,1650,5134030
831,P01630,Karapakkam,881,2034380
832,P00091,Chrompet,746,2678280
833,P09356,Chrompet,1053,2724280
834,P02683,Karapakkam,1211,2866960
835,P03759,Anna Nagar,1990,3546750
836,P06093,Chrompet,1300,2996110
837,P03388,Velachery,1655,4703560
838,P09467,Adyar,710,1778910
839,P09859,Velachery,1884,2882040
840,P09609,Velachery,1520,3807590
841,P04896,KK Nagar,1498,4724160
842,P05949,Anna Nagar,1892,3999570
843,P02002,Karapakkam,638,1997570
844,P06714,Chrompet,780,3133280
845,P08095,Anna Nagar,1942,3654930
846,P01638,Karapakkam,1424,4106510
847,P00202,Chrompet,1225,2809000
848,P01621,Chrompet,1248,3005420
849,P09424,Velachery,1773,3451450
850,P00490,Chrompet,857,3729970
851,P04205,Karapakkam,1640,4461210
852,P02379,KK Nagar,2396,4381180
853,P06620,Karapakkam,1626,4677900
854,P09646,Velachery,1553,4464110
855,P05688,KK Nagar,1317,4008570
856,P08878,Chrompet,759,2251520
857,P01466,T Nagar,1799,3072780
858,P01940,Karapakkam,900,2285690
859,P09840,Velachery,1859,4537650
860,P03990,Chrompet,1077,4525750
861,P09602,Velachery,1670,3241980
862,P09774,Velachery,1922,3562740
863,P06268,Chrompet,920,2373380
864,P04017,Karapakkam,1244,2767170
865,P06385,Karapakkam,1356,5007380
866,P00024,Chrompet,985,2970920
867,P02663,Velachery,1908,3672900
868,P03312,Velachery,1932,4058440
869,P04039,Chrompet,1022,3456440
870,P08623,Adyar,1106,2500920
871,P02068,Adyar,1268,4831550
872,P00985,Anna Nagar,1630,5526870
873,P01659,Velachery,1500,3879160
874,P00104,Anna Nagar,1594,6421850
875,P02958,KK Nagar,1858,5736490
876,P07934,Chrompet,1237,5053020
877,P00440,Chrompet,1292,4378120
878,P02043,Chrompet,985,3934960
879,P04689,Velachery,1540,5305830
880,P02836,Velachery,1975,3288510
881,P06335,Velachery,1605,4087470
882,P08934,Chrompet,1043,2429330
883,P04671,Anna Nagar,1551,4744700
884,P05317,Karapakkam,794,1395120
885,P03701,KK Nagar,1389,3051750
886,P06070,Anna Nagar,1932,5581110
887,P08116,Adyar,794,2406690
888,P05140,Chrompet,1242,2423920
889,P01373,T Nagar,1752,4030710
890,P02628,KK Nagar,1603,4364010
891,P04773,Chrompet,703,2455740
892,P09842,Velachery,1776,6240580
893,P03099,KK Nagar,2060,6040370
894,P09083,Adyar,1077,5302920
895,P03650,KK Nagar,2189,5754560
896,P03539,Karapakkam,1104,4326420
897,P03275,Karapakkam,778,1628190
898,P03380,KK Nagar,1592,5007500
899,P03937,Karapakkam,537,2237790
900,P08991,T Nagar,1761,7209120
901,P00497,Chrompet,843,3268240
902,P00592,Chrompet,1108,2840500
903,P06365,KK Nagar,2183,3432530
904,P00271,Anna Nagar,1675,3948050
905,P03477,Adyar,951,2095940
906,P05922,Chrompet,1021,2955730
907,P08761,Anna Nagar,1723,4014760
908,P08734,Velachery,1846,3961210
909,P08183,Chrompet,732,2160380
910,P07804,Velachery,1531,5042030
911,P05385,Karapakkam,560,1915830
912,P02614,Velachery,1752,3106200
913,P03042,Karapakkam,1173,3179440
914,P07999,KK Nagar,2327,5903280
915,P08510,Velachery,1561,4342420
916,P00318,Anna Nagar,1825,5087740
917,P03605,T Nagar,1885,4934750
918,P00417,T Nagar,1602,6997180
919,P07324,T Nagar,1934,8511780
920,P07491,Adyar,1288,3488010
921,P01969,T Nagar,1803,3441640
922,P03364,Chrompet,1175,4102310
923,P04864,Karapakkam,760,1758150
924,P06176,Karapakkam,1344,4122110
925,P05545,Karapakkam,1413,4813040
926,P04265,Velachery,1891,6342100
927,P09759,Velachery,1766,2509850
928,P01311,Chrompet,1182,3744350
929,P08957,Chrompet,1267,3603300
930,P05178,Karapakkam,1130,3982750
931,P05903,Karapakkam,961,2520550
932,P08204,KK Nagar,2434,6228170
933,P09487,Velachery,1787,2355030
934,P00333,Chrompet,795,1960060
935,P04429,Karapakkam,597,1288100
936,P08606,Adyar,1277,3288510
937,P08521,T Nagar,1710,6904130
938,P01348,Chrompet,941,1839380
939,P09547,Adyar,1202,4640940
940,P01228,Anna Nagar,1933,4857430
941,P03920,Karapakkam,1370,3495170
942,P06086,KK Nagar,1399,6255270
943,P00059,Chrompet,1189,2156450
944,P02949,Karapakkam,1046,2790690
945,P06025,Karapakkam,570,2336690
946,P03424,T Nagar,1738,4228840
947,P05089,Adyar,1290,4732940
948,P00348,Chrompet,830,3017140
949,P09247,Chrompet,1239,2155560
950,P04547,T Nagar,1686,4611720
951,P07493,Anna Nagar,1984,8896310
952,P07052,Velachery,1521,4209750
953,P09442,Adyar,1057,4256520
954,P06829,Anna Nagar,1846,5688620
955,P06388,Adyar,1212,4032970
956,P04985,T Nagar,1601,4042120
957,P02152,Chrompet,926,3147030
958,P01764,T Nagar,1835,5940870
959,P02666,Adyar,1267,3778480
960,P01696,Karapakkam,1131,3230770
961,P02821,Chrompet,855,3929290
962,P09878,Velachery,1766,4129050
963,P03075,Karapakkam,543,2977350
964,P08563,Adyar,907,2439020
965,P07271,Adyar,1214,3698690
966,P03483,Velachery,1924,6528160
967,P09437,Velachery,1916,3039720
968,P02491,Anna Nagar,1806,3214940
969,P04193,Karapakkam,1689,4868030
970,P09716,Velachery,1960,3722040
971,P05887,Karapakkam,1354,2511800
972,P04454,KK Nagar,1551,3290860
973,P06170,Karapakkam,586,1852620
974,P03530,KK Nagar,1727,4570060
975,P09877,Velachery,1984,3121390
976,P06852,KK Nagar,1920,7490080
977,P05933,KK Nagar,2037,5072340
978,P00657,Chrompet,772,2233880
979,P06748,Chrompet,1288,2665390
980,P07013,Chrompet,985,2811620
981,P05649,Chrompet,894,3135350
982,P06061,Velachery,1537,3407470
983,P02790,Velachery,1813,3982770
984,P02410,KK Nagar,1589,4791320
985,P09249,Anna Nagar,1830,5117040
986,P09635,Velachery,1625,3845900
987,P08185,KK Nagar,1857,5092250
988,P03057,Karapakkam,1002,3057360
989,P00799,Anna Nagar,1877,5393910
990,P01960,Anna Nagar,1511,7120860
991,P06526,Adyar,755,2906420
992,P04692,Karapakkam,877,2326540
993,P01304,Chrompet,1090,4310780
994,P05581,Velachery,1684,4225020
995,P07533,Chrompet,989,2098640
996,P06659,Anna Nagar,1598,3386100
997,P03632,Karapakkam,1333,2341570
998,P09125,Velachery,1654,2934460
999,P06024,Chrompet,932,2437310
1000,P08040,Anna Nagar,1870,8117780
1001,P03695,Chrompet,1219,2463380
1002,P04735,Karapakkam,677,3492610
1003,P03843,KK Nagar,2085,7806780
1004,P09133,Adyar,1023,3939500
1005,P01261,T Nagar,1557,4201380
1006,P07336,KK Nagar,1487,3451590
1007,P09251,Velachery,1526,4285540
1008,P08057,Chrompet,829,2040590
1009,P04183,Velachery,1735,4179490
1010,P05828,Karapakkam,537,3285350
1011,P04321,Karapakkam,900,2548650
1012,P06605,KK Nagar,2040,7085340
1013,P02259,Chrompet,1221,3733210
1014,P02766,Karapakkam,1174,2176280
1015,P04539,Chrompet,1216,2484350
1016,P09323,Chrompet,1104,2294680
1017,P01776,T Nagar,1635,4879920
1018,P04169,Karapakkam,1659,3810190
1019,P09334,Adyar,855,2108470
1020,P06849,Adyar,908,2420810
1021,P01547,Karapakkam,1066,3388940
1022,P09667,Velachery,1614,4181670
1023,P05792,Karapakkam,1534,3454540
1024,P02909,KK Nagar,2322,5636440
1025,P01540,Karapakkam,838,2840680
1026,P02224,Chrompet,826,2401150
1027,P08378,Anna Nagar,1960,4026660
1028,P09647,Velachery,1702,5206340
1029,P09752,Velachery,1819,2892990
1030,P05337,Karapakkam,534,1632960
1031,P09532,Velachery,1807,3304650
1032,P01637,KK Nagar,1551,4316000
1033,P04036,Chrompet,1264,3385420
1034,P05462,Karapakkam,1237,4181500
1035,P09955,Velachery,1567,4965380
1036,P07991,Chrompet,1245,3282690
1037,P05982,Chrompet,787,2890270
1038,P00547,Chrompet,813,2465920
1039,P09045,Anna Nagar,1864,4123470
1040,P05977,KK Nagar,2414,5639280
1041,P09331,Velachery,1738,3146800
1042,P06474,Karapakkam,763,2534200
1043,P00365,Chrompet,1021,2970210
1044,P09641,Velachery,1846,3232800
1045,P06362,Anna Nagar,1783,3851260
1046,P06140,Chrompet,1194,2526020
1047,P00077,Chrompet,1060,2795080
1048,P02277,Anna Nagar,1757,4352940
1049,P03390,KK Nagar,1646,6763680
1050,P03402,Anna Nagar,1877,4769130
1051,P04776,Anna Nagar,1537,4146420
1052,P00540,Chrompet,721,2307960
1053,P09587,Velachery,1552,4228210
1054,P00313,T Nagar,1962,5231140
1055,P01300,Chrompet,782,1716900
1056,P07577,Velachery,1703,5292600
1057,P03039,KK Nagar,1555,4087380
1058,P05207,Karapakkam,801,2645450
1059,P09494,Chrompet,751,2964470
1060,P08403,Chrompet,771,2521700
1061,P06502,Karapakkam,944,2380770
1062,P06493,Karapakkam,1333,4658620
1063,P00672,Chrompet,1284,3554350
1064,P07302,Anna Nagar,1844,5340320
1065,P09543,Chrompet,958,2059240
1066,P04767,Karapakkam,1588,3985700
1067,P00619,Anna Nagar,1621,3569280
1068,P01077,Chrompet,732,2560500
1069,P07886,Chrompet,725,1863020
1070,P01870,Chrompet,995,3732480
1071,P04065,T Nagar,1690,7543150
1072,P00436,Anna Nagar,1578,3966520
1073,P02284,T Nagar,1962,4837490
1074,P06897,Adyar,1221,4387710
1075,P08502,T Nagar,1747,5814590
1076,P09678,Velachery,1756,2823300
1077,P02345,Karapakkam,1311,3201700
1078,P09644,Velachery,1712,3968220
1079,P04488,Karapakkam,1292,2184750
1080,P09096,Anna Nagar,1751,3554610
1081,P04030,KK Nagar,2049,5861200
1082,P08949,Chrompet,1247,2744730
1083,P08218,Velachery,1607,3096950
1084,P03375,Karapakkam,1185,3621040
1085,P00946,Chrompet,901,2777650
1086,P08398,Adyar,1250,5186050
1087,P08993,Anna Nagar,1804,4107180
1088,P03514,Karapakkam,1419,3170400
1089,P02315,Karapakkam,862,2069860
1090,P02610,Karapakkam,982,2347190
1091,P01214,Anna Nagar,1759,4400260
1092,P06059,KK Nagar,1380,4330380
1093,P00462,Chrompet,993,3314940
1094,P06921,Adyar,1164,4667890
1095,P06800,Chrompet,798,1917130
1096,P04267,Velachery,1510,3642200
1097,P00179,T Nagar,1968,6616050
1098,P01729,Karapakkam,1555,3998560
1099,P03269,Karapakkam,1247,3580170
1100,P02808,Adyar,1300,3365220
1101,P00349,Chrompet,768,1963440
1102,P05032,KK Nagar,1555,6137450
1103,P09747,Velachery,1703,3963340
1104,P10020,Velachery,1674,4862660
1105,P07162,Chrompet,1158,3281590
1106,P04166,Adyar,1051,3861430
1107,P06777,KK Nagar,2490,4407870
1108,P05497,Karapakkam,1236,2165970
1109,P08354,Adyar,1266,4887880
1110,P02912,Chrompet,1092,2128880
1111,P06021,Karapakkam,1566,3669490
1112,P09364,Anna Nagar,1668,4740560
1113,P00693,T Nagar,1602,6309830
1114,P00605,Chrompet,1184,3286600
1115,P04149,Adyar,1266,2712310
1116,P03647,Adyar,1054,3435930
1117,P09228,Anna Nagar,1693,4506670
1118,P03742,Karapakkam,593,2540740
1119,P04327,T Nagar,1923,7326480
1120,P09982,Velachery,1502,4419760
1121,P08632,Chrompet,1121,2208280
1122,P01126,T Nagar,1768,3352600
1123,P03480,KK Nagar,1726,3205960
1124,P04361,Chrompet,1091,2730570
1125,P08349,Chrompet,1196,2842810
1126,P04425,Adyar,1232,3883900
1127,P09455,Velachery,1725,3876970
1128,P03095,Adyar,907,3024220
1129,P04349,KK Nagar,1947,5293030
1130,P08219,Adyar,997,2413170
1131,P04517,Karapakkam,1244,1994480
1132,P00523,Chrompet,1279,4103050
1133,P07874,KK Nagar,2420,5463090
1134,P09907,Velachery,1615,3577390
1135,P05273,KK Nagar,1458,4044000
1136,P08515,Anna Nagar,1568,4780510
1137,P04996,KK Nagar,2278,5892810
1138,P04155,Karapakkam,1064,2330360
1139,P09535,Chrompet,925,3317660
1140,P07983,Chrompet,951,3045610
1141,P07289,Chrompet,1105,2101750
1142,P02058,T Nagar,1943,4406320
1143,P08222,KK Nagar,1384,4457380
1144,P00923,Anna Nagar,1872,5736270
1145,P09081,Chrompet,1267,3091940
1146,P04495,Karapakkam,636,2015060
1147,P04133,Chrompet,883,2714310
1148,P08946,Chrompet,826,2275390
1149,P06224,Velachery,1646,2689510
1150,P04469,Chrompet,1080,2048630
1151,P01839,T Nagar,1543,4597670
1152,P01436,Chrompet,971,3707320
1153,P04224,Karapakkam,607,1974100
1154,P04313,Karapakkam,1512,3203650
1155,P00208,Chrompet,794,1919070
1156,P04491,Karapakkam,1685,4124980
1157,P09160,Velachery,1959,5193380
1158,P04937,Chrompet,1046,2934280
1159,P08542,Chrompet,997,3609750
1160,P01040,Chrompet,743,1719940
1161,P00206,Chrompet,845,2369530
1162,P01945,Chrompet,848,2799850
1163,P07148,Velachery,1884,3142250
1164,P04097,Chrompet,849,2446920
1165,P03434,Chrompet,1265,4645350
1166,P00437,Anna Nagar,1760,3419170
1167,P06956,Chrompet,905,2131280
1168,P05376,Karapakkam,1453,4107720
1169,P02731,Adyar,1247,2720130
1170,P07895,Anna Nagar,1731,3588310
1171,P03804,Chrompet,758,1875140
1172,P05220,Velachery,1569,5219170
1173,P08555,Chrompet,825,2364900
1174,P03209,KK Nagar,1369,3935180
1175,P01819,KK Nagar,2027,4713320
1176,P07646,KK Nagar,1773,3504570
1177,P00344,Chrompet,774,2761020
1178,P04587,KK Nagar,1708,4329710
1179,P09753,Velachery,1792,2881070
1180,P08425,Adyar,1112,2946860
1181,P05084,Karapakkam,1246,2664830
1182,P03563,Chrompet,931,1939160
1183,P01594,Karapakkam,983,2554500
1184,P02339,KK Nagar,1631,4129740
1185,P05555,Adyar,697,2875510
1186,P04721,Adyar,681,2214870
1187,P04093,Chrompet,1050,2777840
1188,P08089,Anna Nagar,1870,3763810
1189,P09378,Adyar,931,2600940
1190,P07421,Anna Nagar,1703,3148260
1191,P01759,Karapakkam,877,2882000
1192,P07167,Adyar,722,3278610
1193,P08437,Chrompet,762,2330310
1194,P04886,Velachery,1510,2879480
1195,P01479,Adyar,749,2639360
1196,P02773,T Nagar,1840,4813260
1197,P08470,Chrompet,784,3325260
1198,P02635,Velachery,1699,4359200
1199,P07872,Anna Nagar,1761,6110390
1200,P03756,Adyar,700,3833440
1201,P09216,Chrompet,830,1797460
1202,P05141,Chrompet,834,2547200
1203,P01509,KK Nagar,1305,5108390
1204,P09721,Velachery,1653,5067270
1205,P06471,Karapakkam,1351,3944710
1206,P07114,Velachery,1576,3706430
1207,P07201,Chrompet,796,2443690
1208,P07279,Anna Nagar,1971,4447210
1209,P03204,KK Nagar,2321,7960480
1210,P08892,Chrompet,700,2555550
1211,P02337,Anna Nagar,1699,4842340
1212,P02354,KK Nagar,1323,6873050
1213,P05088,Velachery,1710,2399810
1214,P04908,Chrompet,838,2246750
1215,P07238,KK Nagar,1805,4572010
1216,P04781,Chrompet,1251,2163880
1217,P05692,Chrompet,1247,3321980
1218,P05453,Adyar,1228,2728950
1219,P05143,Adyar,867,2995600
1220,P07168,T Nagar,1519,5956580
1221,P09853,Velachery,1922,6023860
1222,P08595,Anna Nagar,1883,5786680
1223,P05012,KK Nagar,1906,4675340
1224,P00439,Chrompet,994,3763660
1225,P09120,Velachery,1636,4793040
1226,P03886,Karapakkam,1550,5660670
1227,P02535,Adyar,1090,4343710
1228,P00265,Anna Nagar,1808,4683790
1229,P07202,KK Nagar,2029,4522640
1230,P05788,Adyar,879,3007290
1231,P04560,Karapakkam,1347,2721630
1232,P09735,Velachery,1914,4427700
1233,P02017,KK Nagar,1752,5093320
1234,P08556,Chrompet,904,2976390
1235,P07464,Velachery,1990,3766120
1236,P01730,T Nagar,1934,3524930
1237,P06056,Adyar,909,4787480
1238,P02569,Adyar,1221,4006950
1239,P02742,Karapakkam,688,3378210
1240,P03291,KK Nagar,2379,8342910
1241,P05070,Anna Nagar,1568,3533880
1242,P05397,KK Nagar,1596,2939520
1243,P06672,T Nagar,1678,5131720
1244,P09063,Chrompet,1187,4405070
1245,P03478,Anna Nagar,1732,3222950
1246,P01872,KK Nagar,1534,5848220
1247,P05603,KK Nagar,1327,4326540
1248,P03466,KK Nagar,2245,8109120
1249,P05441,Chrompet,839,2386900
1250,P08898,Chrompet,1071,4101570
1251,P03245,Chrompet,1172,3020240
1252,P02998,Karapakkam,1516,3544590
1253,P04449,Anna Nagar,1976,7217770
1254,P03862,Karapakkam,995,1659870
1255,P02804,Karapakkam,879,2504160
1256,P07671,Chrompet,871,2681500
1257,P00117,Anna Nagar,1669,5206700
1258,P01553,Karapakkam,856,3065680
1259,P00447,Chrompet,1186,2082390
1260,P06178,Karapakkam,1213,4055420
1261,P03984,Adyar,1053,3295710
1262,P04693,Karapakkam,786,2106220
1263,P00060,T Nagar,1888,5832090
1264,P05115,KK Nagar,2210,4810910
1265,P00083,Anna Nagar,1922,3394460
1266,P08198,Adyar,825,2834390
1267,P05593,Karapakkam,932,2852570
1268,P04261,T Nagar,1661,5080620
1269,P09233,Anna Nagar,1540,4652290
1270,P00273,Chrompet,1208,3199830
1271,P08100,KK Nagar,2041,7062370
1272,P05204,Anna Nagar,1530,4840790
1273,P03227,Karapakkam,640,1377410
1274,P07378,Adyar,1226,3975210
1275,P06105,Karapakkam,1462,6204000
1276,P08922,Velachery,1724,5330060
1277,P00503,Chrompet,940,3007080
1278,P07943,Adyar,741,2812080
1279,P08807,T Nagar,1635,5133930
1280,P06960,Adyar,1274,3444700
1281,P07964,KK Nagar,1676,7234510
1282,P01877,Chrompet,1182,2375770
1283,P07498,Chrompet,1105,2863800
1284,P00950,Chrompet,768,2816960
1285,P02037,Chrompet,927,2718330
1286,P02967,Adyar,924,4006440
1287,P02707,Karapakkam,911,1993120
1288,P04395,Velachery,1956,4988490
1289,P07215,KK Nagar,2077,6425390
1290,P05901,Velachery,1991,4180030
1291,P02962,KK Nagar,1726,5441920
1292,P09674,Velachery,1779,5537610
1293,P01273,T Nagar,1525,3227910
1294,P06882,KK Nagar,2484,6005560
1295,P03965,KK Nagar,1366,4891730
1296,P09171,Chrompet,1257,3259550
1297,P03192,Karapakkam,664,1688250
1298,P05892,KK Nagar,2001,5235260
1299,P00287,Chrompet,990,2804420
1300,P07008,Velachery,1573,3029180
1301,P08605,Chrompet,1083,2341160
1302,P03692,Karapakkam,1179,3146470
1303,P07403,Adyar,1120,3887180
1304,P03515,Chrompet,846,2737730
1305,P06680,KK Nagar,2209,4684540
1306,P02182,Karapakkam,573,1562260
1307,P06408,Velachery,1741,4433310
1308,P00536,Anna Nagar,1667,4746250
1309,P06357,Chrompet,813,2091970
1310,P08276,Velachery,1749,4819140
1311,P03412,T Nagar,1676,6272650
1312,P03488,Anna Nagar,1603,5340890
1313,P03320,Anna Nagar,1648,4384100
1314,P08043,Adyar,661,3011720
1315,P08239,Adyar,618,3431140
1316,P02211,Velachery,1524,3976030
1317,P00116,Chrompet,783,2000710
1318,P02342,Chrompet,1247,4234890
1319,P04287,Karapakkam,976,3509260
1320,P00173,Chrompet,1279,2665380
1321,P03475,Karapakkam,1434,2819400
1322,P05235,Karapakkam,653,2757240
1323,P00543,Chrompet,1120,3598560
1324,P00862,T Nagar,1624,5165010
1325,P00415,Anna Nagar,1512,3563860
1326,P06233,Karapakkam,831,1582100
1327,P08067,Chrompet,1107,3862070
1328,P02978,Karapakkam,626,2932040
1329,P06428,Velachery,1806,3422540
1330,P00527,Chrompet,1056,2542140
1331,P04738,KK Nagar,2157,4167000
1332,P08678,Velachery,1672,3158500
1333,P07665,Velachery,1621,4030760
1334,P01811,Adyar,639,1444180
1335,P07791,Chrompet,915,3370000
1336,P00926,Chrompet,1201,3682450
1337,P07298,Chrompet,734,2107350
1338,P00613,Chrompet,987,4020270
1339,P00804,Chrompet,717,2523330
1340,P01664,Chrompet,841,2319820
1341,P00875,Anna Nagar,1750,3503560
1342,P07977,KK Nagar,1651,5793380
1343,P08684,Anna Nagar,1585,4334490
1344,P05628,KK Nagar,1788,5239890
1345,P06503,Adyar,968,5405270
1346,P06618,KK Nagar,1798,5203670
1347,P05831,Anna Nagar,1710,2845920
1348,P03735,KK Nagar,1826,4569730
1349,P05393,Karapakkam,759,2674100
1350,P08725,Anna Nagar,1651,4501470
1351,P08986,Chrompet,1014,2722870
1352,P05732,Karapakkam,1546,4993000
1353,P07106,Chrompet,1130,3262770
1354,P04966,Karapakkam,594,1946100
1355,P06032,Velachery,1873,3142100
1356,P03169,Velachery,1756,5230860
1357,P01010,Chrompet,838,2124110
1358,P04731,Velachery,1608,4756000
1359,P05931,KK Nagar,2232,5844040
1360,P00080,T Nagar,1530,7258000
1361,P01233,T Nagar,1874,4825590
1362,P05758,Velachery,1877,4628240
1363,P04623,Karapakkam,1008,2785640
1364,P02780,T Nagar,1912,4070920
1365,P07944,Adyar,638,3960170
1366,P07763,KK Nagar,2369,5884020
1367,P04940,KK Nagar,1580,3290100
1368,P06282,KK Nagar,1766,7283550
1369,P01075,Anna Nagar,1943,4463770
1370,P05871,Anna Nagar,1885,8474220
1371,P07329,Chrompet,1233,2920840
1372,P05001,Adyar,972,2644610
1373,P10022,Velachery,1668,4462730
1374,P06523,Anna Nagar,1758,3974360
1375,P03300,Chrompet,1217,3323270
1376,P08870,Velachery,1543,3959700
1377,P10004,Velachery,1828,4029100
1378,P03535,Karapakkam,1364,5052300
1379,P07719,Velachery,1699,2525960
1380,P08302,KK Nagar,2487,4908150
1381,P02301,Chrompet,1012,2223300
1382,P00866,Anna Nagar,1629,4025240
1383,P08978,Chrompet,1034,3345910
1384,P09913,Velachery,1514,3676670
1385,P00698,Chrompt,892,3098200
1386,P00681,Chrompet,999,3022390
1387,P06060,Karapakkam,1486,4577230
1388,P02859,Karapakkam,766,2701800
1389,P08762,Velachery,1995,3778490
1390,P07733,KK Nagar,1457,5722280
1391,P05681,Chrompet,1059,4043110
1392,P04094,Anna Nagar,1827,4177170
1393,P06480,KK Nagar,1576,4162860
1394,P06442,KK Nagar,2121,3897990
1395,P05811,Karapakkam,963,1740300
1396,P04049,Chrompet,940,3372000
1397,P01003,Chrompet,1294,3440060
1398,P08850,Adyar,726,3003410
1399,P01338,Chrompet,1024,3287630
1400,P06701,Chrompet,1292,4629820
1401,P07076,Anna Nagar,1605,3791490
1402,P06619,KK Nagar,1649,4520290
1403,P09518,Velachery,1587,2988010
1404,P01899,Karapakkam,1478,5442860
1405,P00369,Anna Nagar,1654,5058420
1406,P04747,Chrompet,887,2456170
1407,P08920,Chrompet,1202,3861900
1408,P03097,T Nagar,1601,4881670
1409,P07288,KK Nagar,1748,4372450
1410,P09209,Chrompet,883,2251440
1411,P04757,Karapakkam,970,2751680
1412,P03907,Karapakkam,1107,1646850
1413,P04150,Chrompet,1273,3123870
1414,P04581,KK Nagar,2392,5748460
1415,P09801,Velachery,1846,3171940
1416,P06725,Chrompet,719,1990090
1417,P06575,Karapakkam,987,3483160
1418,P04359,Chrompet,966,3013680
1419,P02256,Karapakkam,1561,2801790
1420,P06927,KK Nagar,2044,4376900
1421,P08233,Adyar,892,3305040
1422,P00991,Chrompet,727,2256520
1423,P06872,Adyar,1116,3376860
1424,P03894,Velachery,1689,4081160
1425,P04174,Velachery,1716,4701270
1426,P03045,Karapakkam,1152,3317000
1427,P02375,Chrompet,1275,4457250
1428,P06402,Karapakkam,1690,3552510
1429,P05998,KK Nagar,2014,5599990
1430,P06743,KK Nagar,2046,5852550
1431,P04255,Karapakkam,644,2471500
1432,P09341,Velachery,1519,3352070
1433,P03214,Chrompet,866,3665960
1434,P06425,Chrompet,1101,2169740
1435,P01245,Chrompet,1024,2774850
1436,P08200,KK Nagar,2434,5836970
1437,P08833,Chrompet,1212,2962330
1438,P00761,Anna Nagar,1825,4190340
1439,P00406,Anna Nagar,1723,3227130
1440,P02036,Karapakkam,665,2235870
1441,P07043,Anna Nagar,1768,5265650
1442,P04404,Chrompet,1231,2596170
1443,P06190,Karapakkam,1038,1852490
1444,P08366,Chrompet,759,2964690
1445,P08404,Anna Nagar,1653,3550730
1446,P01830,Chrompet,1217,2171320
1447,P00933,Anna Nagar,1892,4642770
1448,P01717,Chrompet,754,3163150
1449,P08680,T Nagar,1508,3992700
1450,P07549,T Nagar,1864,5575990
1451,P02510,Karapakkam,1020,3474590
1452,P03134,Adyar,642,2367020
1453,P07843,Velachery,1883,3185140
1454,P01134,Chrompet,841,2465140
1455,P04308,Chrompet,985,2815650
1456,P08087,KK Nagar,2171,5449220
1457,P03518,Karapakkam,628,2819000
1458,P09410,Anna Nagar,1730,6507590
1459,P05816,Karapakkam,924,2442960
1460,P06778,KK Nagar,2049,7402820
1461,P08346,Chrompet,1238,3190320
1462,P08397,Adyar,1054,2562950
1463,P07486,KK Nagar,1544,4115520
1464,P09848,Velachery,1842,4371620
1465,P02150,Karapakkam,936,2026800
1466,P04461,Chrompet,977,3442800
1467,P06074,Karapakkam,1348,3473050
1468,P09844,Velachery,1624,3635360
1469,P08741,Chrompet,844,3893600
1470,P01079,Chrompet,711,1816620
1471,P04787,Karapakkam,1491,3753690
1472,P00772,Chrompet,1282,3514350
1473,P09306,Chrompet,905,2749130
1474,P03131,Karapakkam,506,2055900
1475,P05294,T Nagar,1991,5591280
1476,P04381,Anna Nagar,1732,6749790
1477,P06430,Velachery,1665,3016470
1478,P02625,Karapakkam,745,1443370
1479,P01562,KK Nagar,1960,7735530
1480,P08637,Chrompet,1267,3587300
1481,P09062,Chrompet,793,2596930
1482,P05889,Adyar,808,2013020
1483,P06397,Chrompet,817,2143880
1484,P06607,Karapakkam,1020,4533620
1485,P02509,Karapakkam,812,2358920
1486,P08594,Anna Nagar,1874,6476430
1487,P04337,Karapakkam,850,1426780
1488,P00795,Chrompet,855,2903510
1489,P02923,Chrompet,835,1977300
1490,P09082,Chrompet,1073,2168600
1491,P03826,Karapakkam,1676,3442160
1492,P09002,T Nagar,1938,8437550
1493,P06451,Chrompet,709,2929160
1494,P09236,Chrompet,836,1887430
1495,P08758,Chrompet,937,2387780
1496,P09695,Velachery,1992,5101670
1497,P03079,Anna Nagar,1554,3302120
1498,P03624,Karapakkam,1035,1638320
1499,P03859,Chrompet,889,1587510
1500,P08675,Anna Nagar,1639,3251440
1501,P08549,Adyar,622,1312520
1502,P01581,Anna Nagar,1968,4907590
1503,P06563,Karapakkam,603,3334350
1504,P04368,Karapakkam,1117,3064430
1505,P07757,Anna Nagar,1893,6339260
1506,P09071,Velachery,1740,3815390
1507,P02639,Karapakkam,1417,2805830
1508,P04282,Chrompet,1288,2444000
1509,P09428,Chrompet,1246,2586060
1510,P09682,Velachery,1532,3082760
1511,P03100,Karapakkam,1333,2060630
1512,P01136,Chrompet,976,3127530
1513,P02427,Chrompet,801,2214000
1514,P01996,Adyar,824,2424560
1515,P07482,Adyar,1030,3999740
1516,P09630,Velachery,1817,3255810
1517,P05324,Karapakkam,659,1308740
1518,P08847,Velachery,1989,4094610
1519,P05643,Adyar,857,2859680
1520,P09184,T Nagar,1553,2930760
1521,P02318,T Nagar,1599,4104730
1522,P00737,Chrompet,897,3621850
1523,P07146,Velachery,1604,3406140
1524,P07326,KK Nagar,1573,5918600
1525,P01199,Chrompet,742,3419160
1526,P08365,Adyar,1225,6185600
1527,P09749,Velachery,1950,6128290
1528,P00094,Anna Nagar,1602,5031980
1529,P08750,Velachery,1634,3331750
1530,P03467,KK Nagar,1595,4192650
1531,P09022,Chrompet,1034,2474040
1532,P06580,KK Nagar,1562,6924510
1533,P01138,Anna Nagar,1642,7393220
1534,P08525,Adyar,1031,3858910
1535,P02837,T Nagar,1658,3216830
1536,P03321,Anna Nagar,1781,4084100
1537,P08491,Velachery,1799,3570320
1538,P04231,Karapakkam,1230,2510910
1539,P08498,Chrompet,875,2606750
1540,P07710,Adyar,1261,4308660
1541,P03856,Chrompet,1242,2338010
1542,P09797,Velachery,1747,4395180
1543,P04511,Karapakkam,1667,5060220
1544,P05527,Chrompet,723,2873450
1545,P00457,Anna Nagar,1625,3785950
1546,P01262,Chrompet,884,3104190
1547,P09072,Adyar,736,3251290
1548,P00065,Anna Nagar,1621,4055560
1549,P06658,T Nagar,1890,4277890
1550,P02700,KK Nagar,1915,3436960
1551,P09789,Velachery,1911,6677330
1552,P03398,KK Nagar,2370,3673870
1553,P06823,Velachery,1903,4970650
1554,P03155,KK Nagar,2273,3865550
1555,P01414,Chrompet,1256,2636070
1556,P03667,Adyar,1274,3132680
1557,P02566,KK Nagar,2052,3953880
1558,P03799,Karapakkam,941,3112260
1559,P04876,Chrompet,1194,4156430
1560,P05588,Karapakkam,1606,2569320
1561,P01271,Chrompet,1249,2806660
1562,P00496,Anna Nagar,1854,4524170
1563,P07470,Velachery,1531,3219210
1564,P01977,Anna Nagar,1895,8388190
1565,P02199,Chrompet,983,2110780
1566,P00588,Anna Nagar,1569,3769660
1567,P02059,Anna Nagar,1609,4886180
1568,P01169,Chrompet,912,2858800
1569,P07610,Chrompet,998,2183600
1570,P04960,Chrompet,990,2501330
1571,P08074,Chrompet,994,2732170
1572,P09988,Velachery,1898,3698040
1573,P04918,Chrompet,754,3208080
1574,P06023,Chrompet,710,2109550
1575,P05019,Karapakkam,1287,3252340
1576,P06765,KK Nagar,1601,3653690
1577,P04116,Chrompet,943,3652950
1578,P06702,KK Nagar,2374,6651650
1579,P02358,Adyar,1178,3635220
1580,P01130,Chrompet,1180,2385550
1581,P02592,Karapakkam,1080,3255910
1582,P05062,Adyar,1251,3423470
1583,P05574,Adyar,997,2745460
1584,P07220,Anna Nagar,1516,3560190
1585,P00581,Chrompet,839,2473460
1586,P07059,Chrompet,829,1949620
1587,P06468,KK Nagar,1611,4356550
1588,P01556,Karapakkam,1208,4457130
1589,P02282,Velachery,1878,3993670
1590,P08871,Chrompet,733,2917320
1591,P04669,Chrompet,814,2603580
1592,P07045,Chrompet,954,2338480
1593,P07064,KK Nagar,2334,7107600
1594,P07584,KK Nagar,1648,4400690
1595,P01494,Anna Nagar,1993,3749470
1596,P04687,Karapakkam,1337,3423220
1597,P01740,Karapakkam,1616,2153400
1598,P10030,Velachery,1640,4595210
1599,P09421,Chrompet,1105,2117800
1600,P07115,Adyar,1158,3380280
1601,P08172,KK Nagar,1510,4108710
1602,P04848,Karapakkam,644,3165920
1603,P04945,Karapakkam,1192,2376660
1604,P08379,Adyar,1209,3997970
1605,P04780,Karapakkam,522,1411580
1606,P03824,Karapakkam,881,4421250
1607,P07832,Chrompet,1270,3743340
1608,P00155,Chrompet,1024,2532030
1609,P01677,Adyar,1017,3169400
1610,P09895,Velachery,1992,5405710
1611,P08022,KK Nagar,1323,4589120
1612,P02697,Chrompet,1277,5071340
1613,P01144,T Nagar,1960,6578450
1614,P08687,Velachery,1822,4998320
1615,P05878,Chrompet,934,2236230
1616,P04309,Karapakkam,1119,3414200
1617,P09938,Velachery,1941,5448150
1618,P02042,Velachery,1937,3481230
1619,P03215,KK Nagar,1972,4437480
1620,P00736,Anna Nagar,1585,5323610
1621,P00198,Anna Nagar,1933,3917020
1622,P05911,T Nagar,1814,5513250
1623,P01197,Chrompet,1129,3385290
1624,P03268,KK Nagar,2083,4690950
1625,P02812,KK Nagar,1668,4650620
1626,P02446,Karapakkam,1608,3008390
1627,P07276,Velachery,1606,4472920
1628,P03801,Karapakkam,1284,1832160
1629,P08046,T Nagar,1903,5737580
1630,P08671,Chrompet,956,2961850
1631,P09873,Velachery,1807,3310990
1632,P09954,Velachery,1591,4710080
1633,P09006,T Nagar,1626,6422430
1634,P08704,Anna Nagar,1634,5530030
1635,P04905,KK Nagar,2127,5726860
1636,P03306,KK Nagar,1512,4089190
1637,P06372,Karapakkam,1528,5464680
1638,P01441,Adyar,1122,3063680
1639,P04964,KK Nagar,1395,4366360
1640,P00999,T Nagar,1791,5117490
1641,P09227,Anna Nagar,1972,6054050
1642,P09820,Velachery,1831,3543770
1643,P09118,Velachery,1516,5341130
1644,P05368,Karapakkam,1534,3623310
1645,P02122,KK Nagar,2476,10293890
1646,P07918,Adyar,1250,4050390
1647,P04162,Karapakkam,1479,4863300
1648,P05361,Karapakkam,592,2059880
1649,P06284,Karapakkam,1433,3435710
1650,P02214,KK Nagar,1323,5077070
1651,P09155,Anna Nagar,1969,8269660
1652,P03677,KK Nagar,2084,4720250
1653,P07476,Adyar,1084,2902320
1654,P01731,Anna Nagar,1998,3476520
1655,P07305,Chrompet,853,2891510
1656,P03832,KK Nagar,2105,4184810
1657,P02213,KK Nagar,1860,5886940
1658,P04635,Velachery,1576,4736260
1659,P07702,Chrompet,1278,2341610
1660,P04659,Chrompet,748,2736030
1661,P01211,Anna Nagar,1791,4734140
1662,P04990,Anna Nagar,1687,7420360
1663,P08721,Chrompet,1065,3252650
1664,P08484,Anna Nagar,1710,3864970
1665,P05016,T Nagar,1965,6615740
1666,P02474,Anna Nagar,1893,5947680
1667,P06371,T Nagar,1950,3668300
1668,P03280,Karapakkam,1576,3437400
1669,P05026,Karapakkam,567,3098560
1670,P07426,Anna Nagar,1831,3297110
1671,P04408,Karapakkam,1460,6166440
1672,P03354,Anna Nagar,1638,6885840
1673,P01894,Velachery,1823,4291450
1674,P02333,Chrompet,847,2599790
1675,P07799,KK Nagar,2250,6046880
1676,P07154,Chrompet,840,2299280
1677,P02400,KK Nagar,2001,6835240
1678,P06162,Velachery,1926,2874390
1679,P00309,Chrompet,932,3513990
1680,P04969,Karapakkam,777,1907270
1681,P07230,KK Nagar,1612,6521060
1682,P01289,Chrompet,1251,4499090
1683,P09865,Velachery,1746,3815040
1684,P02430,KK Nagar,1741,4190940
1685,P06868,Anna Nagar,1997,3574700
1686,P08654,Velachery,1506,3446230
1687,P06566,Karapakkam,1390,2398790
1688,P07715,Chrompet,745,2853270
1689,P02250,KK Nagar,1473,3702150
1690,P08124,Velachery,1574,4473460
1691,P09857,Velachery,1892,2884600
1692,P01366,Anna Nagar,1820,3218240
1693,P09181,Anna Nagar,1915,6984110
1694,P08627,Adyar,1191,4580000
1695,P01204,T Nagar,1507,3777110
1696,P07240,Adyar,1100,3724190
1697,P02415,Karapakkam,748,2401020
1698,P06520,Velachery,1887,2506730
1699,P03740,Karapakkam,523,1294080
1700,P06731,Chrompet,756,2876990
1701,P03863,Chrompet,973,2202980
1702,P00690,T Nagar,1839,6956900
1703,P07223,KK Nagar,1316,3866540
1704,P03212,Karapakkam,1638,2469530
1705,P03952,Karapakkam,1688,3113950
1706,P03035,Chrompet,1215,2348800
1707,P08453,Chrompet,911,2126470
1708,P04143,KK Nagar,1584,5599460
1709,P03456,KK Nagar,2009,5535550
1710,P06420,Karapakkam,1602,2708450
1711,P00676,Anna Nagar,1708,3400280
1712,P01611,Adyar,735,2710700
1713,P07700,KK Nagar,2462,7967310
1714,P05678,Anna Nagar,1990,5930450
1715,P03313,Anna Nagar,1905,3756660
1716,P08900,Velachery,1944,3449250
1717,P09795,Velachery,1601,5525700
1718,P00424,Chrompet,1228,2950540
1719,P09232,Velachery,1859,2907490
1720,P01229,T Nagar,1817,3849040
1721,P05061,Velachery,1564,5484070
1722,P00689,Chrompet,933,2975100
1723,P09150,Velachery,1642,3038670
1724,P03744,KK Nagar,1318,5752220
1725,P03697,Anna Nagar,1623,4677160
1726,P02226,KK Nagar,2030,5249410
1727,P04289,Karapakkam,545,1505470
1728,P09693,Velachery,1876,2745430
1729,P02329,KK Nagar,1767,4574990
1730,P02281,Karapakkam,1209,4107790
1731,P00752,Anna Nagar,1804,5932270
1732,P06885,Adyar,893,5082820
1733,P01980,Karapakkam,1289,2067990
1734,P02414,Karapakkam,1694,7009130
1735,P01292,Anna Nagar,1622,4698370
1736,P07559,KK Nagar,1579,3254280
1737,P05881,Chrompet,876,2419820
1738,P02782,Karapakkam,1627,3010800
1739,P05585,Karapakkam,651,1783310
1740,P03971,KK Nagar,2146,5923140
1741,P04184,Adyar,1025,3463290
1742,P09637,Velachery,1785,3113660
1743,P00258,Anna Nagar,1751,5252260
1744,P09480,Adyar,1191,5773580
1745,P09465,Adyar,895,3207020
1746,P08446,Anna Nagar,1894,3394760
1747,P04210,T Nagar,1793,4574240
1748,P09346,Chrompet,1291,3454290
1749,P00379,Chrompet,886,3170920
1750,P04546,Adyar,983,3815870
1751,P00556,Chrompet,1104,3594730
1752,P00797,Anna Nagar,1933,6141990
1753,P01841,KK Nagar,1982,7933790
1754,P06584,Anna Nagar,1899,5173130
1755,P08021,Anna Nagar,1947,8568590
1756,P06710,Velachery,1720,3304730
1757,P09525,Velachery,1776,3328810
1758,P09097,Velachery,1948,3332580
1759,P09605,Velachery,1621,5397570
1760,P02035,Karapakkam,1106,1755980
1761,P03309,KK Nagar,2243,5192280
1762,P08139,Velachery,1774,3113150
1763,P01263,Chrompet,995,2216830
1764,P07981,Chrompet,912,2797970
1765,P08936,Chrompet,1104,2717760
1766,P01453,Anna Nagar,1732,4710300
1767,P04696,Adyar,980,3013720
1768,P09310,Velachery,1845,3048620
1769,P06055,Karapakkam,1116,1902240
1770,P02444,Chrompet,868,1977090
1771,P05036,Anna Nagar,1913,4563350
1772,P02847,Velachery,1536,4620530
1773,P05539,Karapakkam,1411,3027460
1774,P04301,Velachery,1788,5292700
1775,P04453,Anna Nagar,1892,6877080
1776,P01001,Chrompet,874,3492780
1777,P09811,Velachery,1530,3084510
1778,P03218,Chrompet,885,2984940
1779,P09614,Velachery,1716,3635980
1780,P09254,T Nagar,1592,4312360
1781,P03962,T Nagar,1883,7774960
1782,P01269,Chrompet,1124,3215500
1783,P08324,Velachery,1767,3659220
1784,P00519,Anna Nagar,1786,3839420
1785,P05092,Chrompet,1200,3974890
1786,P01591,Adyar,1086,4880790
1787,P02063,Karapakkam,693,2234810
1788,P06918,Chrompet,973,2907350
1789,P04373,KK Nagar,2147,5547330
1790,P04540,Anna Nagar,1608,3187250
1791,P01252,Chrompet,772,3737400
1792,P06490,Adyar,1165,2568150
1793,P05785,Karapakkam,1399,3573470
1794,P09989,Velachery,1980,6002960
1795,P07718,KK Nagar,1591,4507050
1796,P03371,Adyar,1085,4875830
1797,P08402,Chrompet,985,2759580
1798,P00648,T Nagar,1646,5180280
1799,P00181,Chrompet,1044,2557780
1800,P04372,KK Nagar,2247,4854750
1801,P07160,T Nagar,1543,4606220
1802,P06863,Anna Nagar,1851,3702340
1803,P00684,Anna Nagar,1588,3436260
1804,P06134,Velachery,1633,2636330
1805,P08935,Velachery,1978,6029090
1806,P02869,Chrompet,757,2539750
1807,P05482,Karapakkam,857,3688200
1808,P02939,KK Nagar,1746,4728130
1809,P04796,Karapakkam,1285,2581720
1810,P02200,KK Nagar,2423,6770310
1811,P04394,Karapakkam,1012,1799330
1812,P01890,T Nagar,1744,3998040
1813,P04601,Adyar,1232,3832130
1814,P08489,Adyar,990,3667690
1815,P07712,KK Nagar,1389,4466360
1816,P06697,Velachery,1964,6599740
1817,P07017,Velachery,1806,5534670
1818,P03082,Karapakkam,738,2500370
1819,P07018,Chrompet,822,2177850
1820,P07394,Chrompet,705,1860850
1821,P09688,Velachery,1866,4499490
1822,P08187,Adyar,884,4544080
1823,P04284,Karapakkam,741,1666300
1824,P04152,Chrompet,836,2043100
1825,P06281,Velachery,1983,3450290
1826,P01805,Chrompet,704,2231790
1827,P06286,Chrompet,733,2880890
1828,P03241,Karapakkam,1432,3170080
1829,P06839,KK Nagar,1378,3424070
1830,P10025,Velachery,1639,3793600
1831,P04889,KK Nagar,1727,7514820
1832,P08213,KK Nagar,2149,7885720
1833,P04351,Adyar,819,4211390
1834,P00798,T Nagar,1853,6821740
1835,P08423,T Nagar,1523,4590030
1836,P00885,Anna Nagar,1942,4546370
1837,P02049,Karapakkam,1421,2555310
1838,P09286,Chrompet,834,2906500
1839,P08668,T Nagar,1561,5653590
1840,P02525,Anna Nagar,1676,3983260
1841,P02975,Anna Nagar,1714,5277040
1842,P04545,Karapakkam,1059,3703910
1843,P02346,Adyar,937,2513790
1844,P09850,Velachery,1654,4701690
1845,P01531,Adyar,613,2422960
1846,P03285,Karapakkam,1652,2199610
1847,P09669,Velachery,1827,4602210
1848,P05075,Karapakkam,996,2217460
1849,P01828,Karapakkam,776,2877980
1850,P09219,T Nagar,1818,3345050
1851,P03106,Chrompet,1063,2971090
1852,P06014,KK Nagar,2054,5932820
1853,P03616,Anna Nagar,1513,3432350
1854,P07837,Velachery,1925,3523760
1855,P08157,Chrompet,1231,2768160
1856,P08092,Chrompet,1031,3002440
1857,P04165,Velachery,1819,3403550
1858,P07743,Velachery,1610,5639550
1859,P02681,KK Nagar,2109,5820760
1860,P05206,KK Nagar,1811,4191740
1861,P02032,Chrompet,1146,2236950
1862,P06819,Velachery,1769,4936550
1863,P00323,Anna Nagar,1960,5539240
1864,P01858,Karapakkam,728,4024850
1865,P07001,T Nagar,1575,6869630
1866,P02924,Karapakkam,1324,3961500
1867,P07738,Velachery,1833,4115090
1868,P08886,Adyar,1132,4084130
1869,P05863,Chrompet,1032,2407460
1870,P03872,Karapakkam,1483,3524940
1871,P09499,Chrompet,1164,3201500
1872,P00090,Chrompet,921,2462560
1873,P04828,Karapakkam,1047,3038340
1874,P08064,Chrompet,1112,4034110
1875,P04989,Anna Nagar,1913,7649060
1876,P09053,T Nagar,1653,4369970
1877,P05487,Karapakkam,1524,3409850
1878,P05116,Karapakkam,678,1947450
1879,P03865,Karapakkam,1344,3305100
1880,P07675,Chrompet,1193,4057830
1881,P06087,Adyar,1021,3544120
1882,P08914,Adyar,1162,4743840
1883,P06352,KK Nagar,2390,4042100
1884,P05188,Chrompet,1154,2360660
1885,P07517,Adyar,941,4784600
1886,P02563,Adyar,892,2356300
1887,P04365,Velachery,1552,2381090
1888,P03427,Velachery,1706,3579440
1889,P00053,Ann Nagar,1854,4477610
1890,P02407,Karapakkam,588,2155590
1891,P09278,T Nagar,1924,4796250
1892,P00819,Chrompet,1160,2337780
1893,P02699,Anna Nagar,1645,5590490
1894,P07315,KK Nagar,2374,7735740
1895,P03798,Chrompet,1227,4161150
1896,P04858,Velachery,1972,3733740
1897,P05398,KK Nagar,2096,4054130
1898,P02732,Chrompet,1115,3023690
1899,P07628,Velachery,1598,3317200
1900,P07796,Velachery,1864,3803320
1901,P01698,Chrompet,1054,3460790
1902,P06322,KK Nagar,2317,3517210
1903,P00682,Chrompet,1237,2439760
1904,P08483,Anna Nagar,1503,3832440
1905,P00907,Chrompet,1154,2790940
1906,P05457,Karapakkam,685,2545550
1907,P05090,Adyar,1117,3938190
1908,P03120,Karapakkam,565,2082020
1909,P02154,Karapakkam,1330,4915750
1910,P07896,Anna Nagar,1985,5193780
1911,P09277,Adyar,1073,2313680
1912,P03444,Karapakkam,1400,3379800
1913,P04947,Chrompet,1201,2867160
1914,P09792,Velachery,1573,3376380
1915,P00594,Chrompet,925,2676650
1916,P07296,Velachery,1808,3155920
1917,P04822,Karapakkam,765,2973990
1918,P06151,Chrompet,953,2431900
1919,P02574,KK Nagar,2018,4588480
1920,P01962,KK Nagar,2404,5733610
1921,P00734,Chrompet,1050,4323740
1922,P06456,KK Nagar,1764,6238270
1923,P09317,Adyar,1044,3388240
1924,P07087,KK Nagar,1319,5369190
1925,P00533,Anna Nagar,1589,3734930
1926,P06905,T Nagar,1878,3504700
1927,P08714,Chrompet,1075,2316560
1928,P07452,KK Nagar,1323,3404250
1929,P02642,KK Nagar,2096,5418120
1930,P04838,Velachery,1609,4657950
1931,P04998,Karapakkam,1573,4063200
1932,P09966,Velachery,1698,4579140
1933,P06647,Karapakkam,1476,4015660
1934,P09156,Velachery,1732,3055140
1935,P02353,T Nagar,1877,5555030
1936,P00428,Anna Nagar,1736,4293530
1937,P04626,Karapakkam,1382,3490550
1938,P01274,Chrompet,884,2229360
1939,P08557,Anna Nagar,1560,4182940
1940,P08180,T Nagar,1928,4407320
1941,P01047,Chrompet,1197,2897500
1942,P07316,Chrompet,840,2232640
1943,P00971,Anna Nagar,1940,5473800
1944,P06497,KK Nagar,1751,3250730
1945,P02963,KK Nagar,1502,4914220
1946,P05716,KK Nagar,2173,4486390
1947,P01224,Chrompet,809,3573840
1948,P07785,Adyar,769,2088170
1949,P02578,Velachery,1726,4061190
1950,P05583,Anna Nagar,1530,7216810
1951,P03419,Karapakkam,1641,2783850
1952,P04396,Anna Nagar,1602,3632180
1953,P09548,Chrompet,1230,2369310
1954,P03482,Karapakkam,904,1437810
1955,P06124,KK Nagar,1520,3770260
1956,P05411,Karapakkam,1255,1927660
1957,P04392,Velachery,1720,4613460
1958,P09025,Chrompet,1294,4315010
1959,P01871,Chrompet,1170,2324930
1960,P04161,KK Nagar,1332,3824070
1961,P06111,KK Nagar,2134,6232330
1962,P03948,KK Nagar,1648,4249870
1963,P09900,Velachery,1891,3304030
1964,P08280,T Nagar,1560,5895240
1965,P07149,Adyar,858,2022280
1966,P02981,KK Nagar,2159,4991950
1967,P05458,Chrompet,830,2411670
1968,P02835,Velachery,1824,3645810
1969,P06366,T Nagar,1508,4620600
1970,P03750,Karapakkam,1288,3201410
1971,P08828,Chrompet,1298,2922560
1972,P01532,Chrompet,992,3665430
1973,P08495,Anna Nagar,1802,4078300
1974,P05071,KK Nagar,1447,5141480
1975,P01515,Velachery,1579,3649700
1976,P04214,Karapakkam,762,2532590
1977,P08661,Chrompet,1104,3151380
1978,P08073,Chrompet,902,2304000
1979,P07965,Velachery,1829,4553300
1980,P06258,Anna Nagar,1728,4149170
1981,P03176,Karapakkam,1623,4355060
1982,P01486,Karapakkam,1120,3826260
1983,P06421,T Nagar,1648,3928570
1984,P02467,Karapakkam,751,3436840
1985,P09880,Velchery,1602,4911000
1986,P08551,Chrompet,771,2629900
1987,P04576,Adyar,992,2895960
1988,P04220,Karapakkam,914,2682080
1989,P02456,Adyar,669,2674940
1990,P08036,Anna Nagar,1517,3055430
1991,P08910,Velachery,1874,6774710
1992,P07186,KK Nagar,1799,4165050
1993,P07604,KK Nagar,2475,4257250
1994,P03935,T Nagar,1819,4994630
1995,P08029,Chrompet,771,2434440
1996,P05677,T Nagar,1593,5121940
1997,P03437,Karapakkam,1688,3045740
1998,P08631,Velachery,1891,5798630
1999,P03945,Karapakkam,1144,1516730
2000,P02826,Karapakkam,817,4607400
2001,P04987,Adyar,1196,5544000
2002,P06510,Karapakkam,1377,2551920
2003,P00686,T Nagar,1640,3495070
2004,P02161,Karapakkam,1377,2200710
2005,P08416,Chrompet,1004,2478170
2006,P00381,Chrompet,1080,3049790
2007,P08789,Anna Nagar,1753,7966320
2008,P08106,Adyar,968,3686640
2009,P07328,Chrompet,1189,2406120
2010,P08341,Chrompet,738,1952450
2011,P01882,Karapakkam,1477,4606740
2012,P07465,Chrompet,1065,4073690
2013,P07398,T Nagar,1700,4557410
2014,P08097,KK Nagar,1907,3475460
2015,P01917,Velachery,1581,4252310
2016,P02889,KK Nagar,1628,6302380
2017,P08846,T Nagar,1961,4884320
2018,P05148,Chrompet,1048,4148020
2019,P08538,Chrompet,1100,3277950
2020,P00788,Chrompet,1018,2866670
2021,P02173,T Nagar,1921,8346260
2022,P08242,KK Nagar,1586,4075730
2023,P01823,Karapakkam,1529,3615230
2024,P00222,Anna Nagar,1685,4806820
2025,P02038,Anna Nagar,1821,4299660
2026,P02612,Karapakkam,1475,3197040
2027,P08372,Adyar,1018,3085780
2028,P09326,Anna Nagar,1773,4340270
2029,P09562,Chrompet,941,3499560
2030,P00876,Chrompet,1058,2755980
2031,P05731,KK Nagar,2404,7964660
2032,P04111,Anna Nagar,1714,4356280
2033,P04527,Adyar,811,3438830
2034,P09430,Adyar,777,2574860
2035,P04667,KK Nagar,2477,9061910
2036,P02870,Anna Nagar,1965,7694130
2037,P09496,Anna Nagar,1715,5216100
2038,P05664,KK Nagar,1668,4471120
2039,P09282,Velachery,1738,3607580
2040,P02260,Anna Nagar,1682,3557480
2041,P04508,KK Nagar,2055,5654830
2042,P06802,Chrompet,820,3563560
2043,P04380,Chrompet,951,2604340
2044,P07227,Velachery,1919,5846730
2045,P03341,Chrompet,985,2802380
2046,P00131,Chrompet,1262,3939520
2047,P00576,Anna Nagar,1577,3701900
2048,P07166,Anna Nagar,1604,5606890
2049,P06251,KK Nagar,1926,4951980
2050,P06237,T Nagar,1750,4635730
2051,P01514,Karapakkam,1676,3464640
2052,P04007,Chrompet,913,3276670
2053,P06923,Chrompet,887,2493620
2054,P06633,KK Nagar,1307,3090620
2055,P09927,Velachery,1604,4588560
2056,P00997,Chrompet,802,2390270
2057,P07393,Adyar,1250,4830390
2058,P01587,KK Nagar,1506,3312480
2059,P07244,Adyar,931,3336100
2060,P09172,T Nagar,1847,8063400
2061,P08944,Anna Nagar,1774,4479490
2062,P06147,KK Nagar,1734,5161270
2063,P07095,Chrompet,1140,3472560
2064,P01019,Anna Nagar,1956,6477320
2065,P03439,Chrompet,875,2474500
2066,P01612,Adyar,1048,2604090
2067,P06906,Anna Nagar,1874,6356030
2068,P08532,Adyar,666,2607780
2069,P07438,Adyar,955,3429400
2070,P08759,Adyar,610,3214000
2071,P07920,Chrompet,757,2022890
2072,P07766,Velachery,1794,3530350
2073,P04487,KK Nagar,2221,5463610
2074,P08719,T Nagar,1652,3905980
2075,P01050,T Nagar,1770,5719070
2076,P08834,Velachery,1719,2873990
2077,P01117,Anna Nagar,1805,5649680
2078,P06383,Karapakkam,690,1487490
2079,P08791,Chrompet,934,3438300
2080,P03327,KK Nagar,1397,3070190
2081,P08744,T Nagar,1989,8493200
2082,P06197,Karapakkam,538,3071930
2083,P10006,Velachery,1803,4380100
2084,P09926,Velachery,1607,3857820
2085,P01884,Adyar,1045,2560820
2086,P02777,Velachery,1683,2900360
2087,P07670,Chrompet,1250,3158050
2088,P08093,Chrompet,804,2116970
2089,P00337,Chrompet,988,3587420
2090,P08727,Chrompet,1126,4126750
2091,P02046,Chrompet,844,3332450
2092,P01930,Chrompet,1275,4064670
2093,P09089,Adyar,912,2532800
2094,P04003,Karapakkam,743,2374930
2095,P00307,T Nagar,1651,3570180
2096,P08432,Anna Nagar,1674,4752600
2097,P04912,Chrompet,1116,2407510
2098,P07728,KK Nagar,2082,4918340
2099,P01784,Adyar,728,3465770
2100,P03567,KK Nagar,2167,5637100
2101,P09849,Velachery,1730,5087120
2102,P05587,Karapakkam,1338,4348110
2103,P03707,Karapakkam,905,2601400
2104,P00291,Chrompet,903,1866110
2105,P03307,Karapakkam,580,1604130
2106,P01702,KK Nagar,1958,4328980
2107,P02803,KK Nagar,1699,3655780
2108,P08652,Chrompet,1097,2490820
2109,P06443,Karapakkam,1622,2190130
2110,P03910,KK Nagar,1303,4012270
2111,P06787,KK Nagar,1354,5437140
2112,P02405,KK Nagar,2219,4329370
2113,P06112,KK Nagar,1374,4763800
2114,P08694,Adyar,1040,2778880
2115,P05138,Karapakkam,1426,4230910
2116,P06405,Karapakkam,1604,3991790
2117,P00236,Chrompet,921,3455190
2118,P09253,Chrompet,915,2270050
2119,P08882,Velachery,1848,3121620
2120,P08424,Anna Nagar,1548,6118920
2121,P08592,T Nagar,1708,5500730
2122,P08212,Adyar,1065,3632470
2123,P01563,Karapakkam,1328,2840160
2124,P07821,Anna Nagar,1657,4689570
2125,P02305,Adyar,807,3597080
2126,P06679,T Nagar,1682,4299750
2127,P07927,Chrompet,759,2244780
2128,P03010,Velachery,1783,3214450
2129,P02107,Karapakkam,1430,2327400
2130,P05388,Velachery,1889,4003950
2131,P03188,Karapakkam,738,3925640
2132,P08112,Adyar,790,1923920
2133,P07083,Adyar,1154,5230750
2134,P08629,Velachery,1805,4123480
2135,P02999,Karapakkam,874,3908140
2136,P01396,Chrompet,815,2373300
2137,P02668,KK Nagar,2208,4547140
2138,P05694,Karapakkam,1612,3011800
2139,P03974,Velachery,1797,2449360
2140,P08041,KK Nagar,1692,4318340
2141,P02526,KK Nagar,1348,4036870
2142,P01434,Adyar,1011,3544790
2143,P01733,Karapakam,1477,2121000
2144,P03961,Chrompet,1052,3793240
2145,P08196,KK Nagar,2272,4108620
2146,P01765,Anna Nagar,1528,4699430
2147,P02098,Chrompet,803,2870840
2148,P07761,Chrompet,1219,2539270
2149,P09796,Velachery,1712,3212730
2150,P03600,Chrompet,837,2783390
2151,P02071,Karapakkam,1670,3467790
2152,P03919,Karapakkam,939,2357030
2153,P10009,Velachery,1738,3362670
2154,P06377,Anna Nagar,1858,3299140
2155,P09335,Adyar,1119,2956030
2156,P02539,Adyar,1013,3480040
2157,P06137,KK Nagar,1499,7153800
2158,P04419,Adyar,1004,4610550
2159,P07006,KK Nagar,1982,4656880
2160,P00129,Chrompet,1249,3215110
2161,P07126,Chrompet,863,2973380
2162,P09731,Velachery,1910,3294370
2163,P00769,Chrompet,772,2387970
2164,P04457,KK Nagar,2130,3673680
2165,P09217,Velachery,1981,5010690
2166,P09645,Velachery,1668,2630500
2167,P04154,KK Nagar,1554,4773010
2168,P00872,Chrompet,1094,3855430
2169,P08928,Velachery,1976,4654390
2170,P03933,Karapakkam,1114,2023960
2171,P06737,KK Nagar,1643,2998730
2172,P01595,Velachery,1578,2326410
2173,P05921,Chrompet,931,3014990
2174,P03649,T Nagar,1807,4712790
2175,P05448,Anna Nagar,1695,3144440
2176,P03179,Karapakkam,1264,2901200
2177,P02383,Chrompet,789,2260320
2178,P09463,Anna Nagar,1804,4145520
2179,P09705,Velachery,1989,3018760
2180,P00513,Chrompet,1227,2196400
2181,P08965,Anna Nagar,1762,3000420
2182,P04655,Karapakkam,631,3219250
2183,P00947,T Nagar,1827,3880410
2184,P03537,Chrompet,1275,2881260
2185,P09471,Chrompet,717,3119810
2186,P06963,Adyar,1283,3444910
2187,P03410,Velachery,1602,4764560
2188,P01438,T Nagar,1833,5559500
2189,P01355,Chormpet,924,3262250
2190,P02601,Adyar,614,2664050
2191,P03325,T Nagar,1774,4844550
2192,P02422,Velachery,1947,3274580
2193,P07300,Chrompet,1112,2812690
2194,P03523,Chrompet,964,2146650
2195,P01277,Chrompet,1173,2643400
2196,P01180,Chrompet,900,2393500
2197,P04585,Adyar,696,2206030
2198,P09495,Anna Nagar,1885,3977790
2199,P08008,Anna Nagar,1625,4749600
2200,P05799,Velachery,1500,2118270
2201,P00111,Chrompet,840,2578840
2202,P05382,KK Nagar,2057,6356030
2203,P09486,Velachery,1942,3972400
2204,P00157,Chrompet,710,2019290
2205,P01577,Chrompet,882,3352070
2206,P06436,Karapakkam,759,3053840
2207,P09561,Chrompet,1100,3115450
2208,P00905,Chrompet,792,2102050
2209,P08072,Chrompet,1139,2929100
2210,P09079,Anna Nagar,1540,6038060
2211,P04196,Adyar,1015,2837120
2212,P04825,T Nagar,1646,3777550
2213,P03741,KK Nagar,1828,5755120
2214,P09626,Velachery,1692,4717400
2215,P00559,Chrompet,1006,2866640
2216,P08216,T Nagar,1843,4473650
2217,P08007,T Nagar,1814,5051250
2218,P02074,Karapakkam,1078,2836960
2219,P04616,Karapakkam,743,2969710
2220,P08066,Chrompet,711,2332000
2221,P05421,Velachery,1631,2907610
2222,P05428,Chrompet,1258,4085720
2223,P08068,T Nagar,1546,5234070
2224,P01035,Chrompet,1039,2824860
2225,P06995,KK Nagar,2064,3567890
2226,P04573,Karapakkam,921,1763930
2227,P06546,Karapakkam,1349,2381960
2228,P00837,Chrompet,1076,3523310
2229,P04176,KK Nagar,1970,5568310
2230,P03618,Karapakkam,984,2163590
2231,P05615,T Nagar,1516,3733520
2232,P09546,Chrompet,1115,4501860
2233,P03814,Karapakkam,1508,4763540
2234,P06775,T Nagar,1869,5341970
2235,P03802,Velachery,1873,3089940
2236,P02408,Anna Nagar,1871,4238170
2237,P07749,KK Nagar,1980,5721780
2238,P06567,KK Nagar,2086,3803740
2239,P01364,Chrompet,993,2861110
2240,P00055,Anna Nagar,1855,4900000
2241,P01004,Chrompet,1238,3283860
2242,P00931,Anna Nagar,1571,6012120
2243,P07691,KK Nagar,1635,3735090
2244,P01924,KK Nagar,2005,5215700
2245,P05256,KK Nagar,2330,4784770
2246,P02384,T Nagar,1660,4460310
2247,P06283,KK Nagar,2335,5050470
2248,P02756,Velachery,1554,5142170
2249,P09582,Velachery,1875,4582990
2250,P00121,T Nagar,1727,4477570
2251,P05925,Anna Nagar,1699,5290640
2252,P06465,Karapakkam,779,3109030
2253,P01955,KK Nagar,1476,3694450
2254,P02522,Karapakkam,1157,3737650
2255,P07187,Velachery,1864,4269430
2256,P09302,Adyar,1148,4153970
2257,P05538,Karapakkam,1572,3384150
2258,P01706,Velachery,1983,4443820
2259,P00355,Chrompet,1228,4176310
2260,P06693,KK Nagar,1676,3011670
2261,P02027,KK Nagar,2112,5214960
2262,P07985,T Nagar,1876,4177580
2263,P09838,Velachery,1888,3495530
2264,P03915,Chrompet,1265,3373820
2265,P05400,Karapakkam,639,2354280
2266,P01641,Karapakkam,1367,2364840
2267,P09130,Adyar,1144,4353910
2268,P02576,Karapakkam,1421,2251860
2269,P03242,T Nagar,1529,5964870
2270,P02164,Velachery,1954,3150110
2271,P04364,Velachery,1788,5755410
2272,P07505,Velachery,1999,6100220
2273,P00514,Chrompet,1193,2471920
2274,P02733,Chrompet,912,3765770
2275,P03296,Karapakkam,1234,3675430
2276,P08287,KK Nagar,1317,3519430
2277,P04685,Karapakkam,677,2752750
2278,P02970,T Nagar,1958,5788180
2279,P03900,Anna Nagar,1526,7650880
2280,P00995,Chrompet,1061,3868990
2281,P08291,Chrompet,918,2084460
2282,P07322,Adyar,1240,3524240
2283,P09138,T Nagar,1975,7498430
2284,P03283,KK Nagar,2207,4791150
2285,P09727,Velachery,1991,4075070
2286,P05252,Anna Nagar,1890,5607350
2287,P08736,Chrompet,1270,3403920
2288,P04854,Chrompet,763,2449230
2289,P09998,Velachery,1964,7204670
2290,P04262,Anna Nagar,1512,3126530
2291,P07413,Chrompet,886,2886110
2292,P01497,Anna Nagar,1754,6513940
2293,P06655,Adyar,750,1806630
2294,P04375,Karapakkam,1044,1613330
2295,P09343,T Nagar,1822,4647940
2296,P00843,Chrompet,1001,3841830
2297,P05553,Karapakkam,1576,2069290
2298,P06561,Adyar,781,1756960
2299,P00915,Anna Nagar,1825,4564930
2300,P09691,Velachery,1522,4677550
2301,P02561,Velachery,1732,2913940
2302,P03809,Adyar,1104,3474270
2303,P00884,Anna Nagar,1811,4013640
2304,P01913,Anna Nagar,1552,7335420
2305,P02490,Karapakkam,882,2490210
2306,P03706,Karapakkam,1474,4796200
2307,P08534,Chrompet,1109,2610380
2308,P04656,Karapakkam,1374,2097510
2309,P03820,Anna Nagar,1921,5382880
2310,P00335,Anna Nagar,1838,3120960
2311,P08941,Chrompet,910,2797240
2312,P06382,KK Nagar,2477,7935460
2313,P04300,Karapakkam,843,3247290
2314,P02286,Karapakkam,1686,5637560
2315,P01419,Adyar,928,2671220
2316,P05339,Adyar,727,3315720
2317,P02489,KK Nagar,1979,5902320
2318,P05033,KK Nagar,2042,5257470
2319,P08445,Anna Nagar,1842,6809160
2320,P03435,Karapakkam,1260,1437380
2321,P01026,Chrompet,877,2138830
2322,P08548,Velachery,1997,5178310
2323,P01012,T Nagar,1811,5490670
2324,P05530,Karapakkam,1561,4153050
2325,P02993,Adyar,1019,3116100
2326,P09200,Chrompet,984,3376310
2327,P07792,Chrompet,1010,2767430
2328,P05179,Karapakkam,1477,2836680
2329,P04035,Karapakkam,971,3035520
2330,P08519,Chrompet,1042,3145510
2331,P06238,KK Nagar,2274,4017270
2332,P07063,KK Nagar,2416,5238390
2333,P02203,Anna Nagar,1860,6273390
2334,P00106,Chrompet,1006,4496460
2335,P01620,Adyar,936,3484070
2336,P05195,KK Nagar,1304,3812670
2337,P09479,Adyar,891,3010590
2338,P08505,Chrompet,966,2691530
2339,P07705,Anna Nagar,1834,4236880
2340,P09934,Velachery,1819,2761760
2341,P05212,KK Nagar,2443,5466270
2342,P04778,Karapakkam,1298,3788910
2343,P05166,Adyar,1272,3057430
2344,P01483,Anna Nagar,1678,7691570
2345,P01503,Chrompet,793,1978440
2346,P00620,Chrompet,1214,3178990
2347,P08376,Adyar,875,3180740
2348,P03426,KK Nagar,1992,5345370
2349,P07557,Chrompet,798,3486090
2350,P05879,Chrompet,1284,3688470
2351,P08266,Anna Nagar,1980,8182390
2352,P08999,Chrompet,910,2772620
2353,P07674,Velachery,1520,5576170
2354,P04322,Karapakkam,1660,5600180
2355,P09468,Chrompet,1048,3994750
2356,P02665,Karapakkam,1300,2040670
2357,P01916,Karapakkam,1451,3144060
2358,P07957,Velachery,1597,4019820
2359,P05159,Adyar,1181,4004210
2360,P06437,Karapakkam,993,3161050
2361,P07021,Chrompet,900,2579360
2362,P03022,Adyar,733,2913140
2363,P04480,T Nagar,1701,4730280
2364,P09115,Chrompet,1292,2637640
2365,P02930,Karapakkam,734,2119920
2366,P03657,Karapakkam,1601,4632030
2367,P02593,Adyar,939,4924670
2368,P09476,Chrompet,994,3404890
2369,P05434,Anna Nagar,1625,4830490
2370,P09748,Velachery,1862,5979020
2371,P02258,Adyar,615,3013270
2372,P01421,Chrompet,838,3300030
2373,P01167,Chrompet,824,3314960
2374,P02783,Chrompet,1014,2504460
2375,P02645,T Nagar,1902,5423800
2376,P09145,Adyar,847,2149400
2377,P00191,T Nagar,1717,4376800
2378,P01665,T Nagar,1999,4604140
2379,P03036,Chrompet,1266,2910110
2380,P05065,T Nagar,1895,5558340
2381,P04008,T Nagar,1610,3667230
2382,P00008,Anna Nagar,1652,6790540
2383,P07717,Anna Nagar,1671,3318580
2384,P09087,Velachery,1558,3197950
2385,P06154,Chrompet,796,3134140
2386,P08801,Anna Nagar,1990,6323170
2387,P09750,Velachery,1778,3688140
2388,P03579,Karapakkam,1048,3068710
2389,P03682,KK Nagar,2218,5836080
2390,P00733,Anna Nagar,1833,5892230
2391,P02648,Karapakkam,1213,2939010
2392,P07601,Adyar,1038,3193590
2393,P00476,Chrompet,1165,3021740
2394,P02594,Adyar,1168,3245870
2395,P02324,Velachery,1806,4320900
2396,P01909,Velachery,1887,5834550
2397,P07036,Chrompet,941,2729730
2398,P07372,T Nagar,1802,5503400
2399,P08134,KK Nagar,1837,3410000
2400,P07942,KK Nagar,1510,4634720
2401,P04595,KK Nagar,1606,5279710
2402,P03629,Karapakkam,1357,2407300
2403,P07203,Velachery,1880,5197460
2404,P07894,Chrompet,990,4139260
2405,P06373,Karapakkam,1454,2975790
2406,P00719,Chrompet,908,2358050
2407,P02928,Chrompet,831,2628790
2408,P03430,Karapakkam,613,2088690
2409,P06409,Adyar,798,2225370
2410,P07130,Anna Nagar,1579,3062320
2411,P03464,Adyar,1205,3410620
2412,P08225,Anna Nagar,1862,6160220
2413,P02081,Karapakkam,992,4494120
2414,P07673,Velachery,1920,5254830
2415,P08862,Anna Nagar,1851,4228190
2416,P02559,Karapakkam,792,2940080
2417,P01378,T Nagar,1644,4146300
2418,P08938,Adyar,993,2009980
2419,P04995,Karapakkam,905,2378170
2420,P00624,Anna Nagar,1565,5765010
2421,P02053,Karapakkam,1409,4127310
2422,P00601,Chrompet,1181,2461810
2423,P07608,Adyar,848,2005130
2424,P01959,Chrompet,705,1890610
2425,P08590,Chrompet,731,2276400
2426,P00924,Chrompet,870,2430050
2427,P05355,Adyar,1278,4484370
2428,P01527,Karapakkam,856,2454870
2429,P09527,Anna Nagar,1572,4292590
2430,P05991,T Nagar,1775,4200730
2431,P01715,Velachery,1950,5876850
2432,P06153,Chrompet,802,2437640
2433,P01757,Anna Nagar,1862,4838800
2434,P01369,Chrompet,702,2121940
2435,P07583,Anna Nagar,1723,4810510
2436,P08175,Velachery,1988,3538410
2437,P06969,Velachery,1696,2378140
2438,P02723,Anna Nagar,1918,5057320
2439,P07014,Anna Nagar,1972,5129380
2440,P01719,Karapakam,1028,2328160
2441,P00230,T Nagar,1947,6155070
2442,P08130,Adyar,679,1765660
2443,P07355,KK Nagar,1482,4409980
2444,P08547,T Nagar,1728,5361030
2445,P04011,KK Nagar,1780,4047030
2446,P04664,Adyar,847,2431540
2447,P06364,KK Nagar,2444,6728040
2448,P06614,T Nagar,1756,5419280
2449,P08258,Adyar,1183,3946100
2450,P01206,Anna Nagar,1953,4854590
2451,P01023,Anna Nagar,1690,3439570
2452,P10013,Velachery,1521,4524110
2453,P01400,Chrompet,851,4053670
2454,P01287,Chrompet,1039,2853540
2455,P00353,Anna Nagar,1514,6953540
2456,P00886,Chrompet,929,2984780
2457,P07284,Chrompet,1208,2594980
2458,P02462,KK Nagar,1768,3292410
2459,P01489,Chrompet,806,1943220
2460,P05531,Karapakkam,507,2716150
2461,P04761,Karapakkam,627,1457890
2462,P00303,Chrompet,852,3165270
2463,P04578,Adyar,871,2915760
2464,P08980,Adyar,730,3221310
2465,P00609,Anna Nagar,1790,4331710
2466,P00596,T Nagar,1851,3505720
2467,P01259,Anna Nagar,1561,3453040
2468,P09754,Velachery,1608,5335360
2469,P08301,KK Nagar,1784,4963070
2470,P04592,Chrompet,1021,3384450
2471,P03531,Karapakkam,1519,5385600
2472,P00120,Anna Nagar,1507,4888320
2473,P00801,T Nagar,1920,4235210
2474,P03584,Adyar,612,2243520
2475,P01881,Karapakkam,1476,2751250
2476,P03191,Karapakkam,1102,2845600
2477,P02673,Karapakkam,625,1938300
2478,P01984,KK Nagar,2006,4742420
2479,P06869,KK Nagar,1836,3459030
2480,P05671,KK Nagar,1401,2715540
2481,P00650,Chrompet,767,2425280
2482,P00168,Chrmpet,1141,4057630
2483,P04847,Anna Nagar,1567,5739900
2484,P07423,KK Nagar,1515,3385280
2485,P03891,Anna Nagar,1713,4312790
2486,P07858,Anna Nagar,1963,5776000
2487,P04263,KK Nagar,2431,6917460
2488,P01343,Anna Nagar,1981,6761520
2489,P04811,Chrompet,1084,2498130
2490,P04558,Chrompet,901,2339080
2491,P03713,Adyar,1127,4896390
2492,P05475,Anna Nagar,1610,6034450
2493,P00644,Chrompet,1057,3689970
2494,P06598,Karapakkam,500,3347070
2495,P06739,KK Nagar,2298,8644820
2496,P00728,Anna Nagar,1635,4732860
2497,P09481,Chrompet,782,1500340
2498,P00172,T Nagar,1815,5268230
2499,P07531,Anna Nagar,1572,3653460
2500,P03986,Anna Nagar,1889,3952690
2501,P07648,KK Nagar,1913,7425130
2502,P07190,T Nagar,1539,2632640
2503,P00243,Anna Nagar,1937,5181040
2504,P05789,KK Nagar,2364,3810290
2505,P09893,Velachery,1972,5851550
2506,P08698,Chrompet,1248,2881800
2507,P00904,Chrompet,1254,2094090
2508,P07730,Anna Nagar,1977,4890120
2509,P08125,Chrompet,1041,2988270
2510,P04498,KK Nagar,2013,6060580
2511,P09886,Velachery,1917,5014460
2512,P04374,Karapakkam,1154,1899630
2513,P00685,Chrompet,1239,3696940
2514,P05046,KK Nagar,2120,3858490
2515,P02802,Adyar,741,2847890
2516,P02913,Chrompet,883,2549020
2517,P02736,KK Nagar,1897,5318820
2518,P01604,Karapakkam,514,2553770
2519,P08709,Velachery,1805,4492570
2520,P07502,Adyar,1006,3284960
2521,P05335,T Nagar,1500,3687810
2522,P02922,Chrompet,831,1942020
2523,P02900,Karapakkam,1449,2337660
2524,P03554,Anna Nagar,1558,2381240
2525,P03980,T Nagar,1880,3878290
2526,P04090,Karapakkam,1175,3210660
2527,P09290,Adyar,1001,3418640
2528,P03387,Karapakkam,1501,4881040
2529,P03470,Karapakkam,633,2257910
2530,P00442,Chrompet,969,2897800
2531,P06261,Karapakkam,1041,2591180
2532,P06909,Chrompet,1246,2440150
2533,P00787,T Nagar,1717,3663910
2534,P04521,Karapakkam,1080,4463250
2535,P07783,KK Nagar,1757,5405070
2536,P00712,Anna Nagar,1598,3278370
2537,P09173,Velachery,1931,3442440
2538,P07195,Chrompet,991,2164930
2539,P04421,Karapakkam,1482,3466360
2540,P09627,Velachery,1812,3768730
2541,P05158,Velachery,1685,3028160
2542,P04004,Chrompet,1019,2793360
2543,P06848,KK Nagar,2099,4840790
2544,P06265,Karapakkam,772,1921100
2545,P06276,KK Nagar,1697,5120510
2546,P06172,KK Nagar,2445,3499060
2547,P07617,KK Nagar,2162,6470540
2548,P03851,Karapakkam,1259,4924250
2549,P03159,KK Nagar,1413,4504010
2550,P08457,Chrompet,1112,3755010
2551,P04832,Karapakkam,1597,2443530
2552,P00565,Chrompet,1144,3271350
2553,P00912,Chrompet,1112,3342280
2554,P07436,Chrompet,1010,3255120
2555,P08113,Chrompet,911,3199350
2556,P04437,KK Nagar,1740,3897770
2557,P00989,Chrompet,968,4658940
2558,P08580,Adyar,956,3265650
2559,P02485,Adyar,1270,3954260
2560,P06096,Velachery,1947,3224430
2561,P04302,Chrompet,908,3794720
2562,P03452,Velachery,1920,4211290
2563,P02121,Chrompet,1274,2574900
2564,P03777,Karapakkam,1153,2628540
2565,P09564,Velachery,1775,3601940
2566,P00249,Chrompet,1119,3028810
2567,P02403,Chrompet,1051,3396120
2568,P03391,Velachery,1601,3690690
2569,P08256,T Nagar,1762,3354210
2570,P04249,KK Nagar,1421,4507960
2571,P05773,Chrompet,839,2739530
2572,P04775,Chrompet,1067,2954400
2573,P01288,Anna Nagar,1711,5235100
2574,P04645,T Nagar,1629,4588010
2575,P09498,Chrompet,969,3008990
2576,P06548,Chrompet,1216,2993160
2577,P09814,Velachery,1779,3982360
2578,P06742,Anna Nagar,1721,3326090
2579,P03680,Karapakkam,518,2508870
2580,P09263,Chrompet,874,2082740
2581,P05073,Karapakkam,550,2447670
2582,P06249,Velachery,1969,3568960
2583,P05544,KK Nagar,2105,5396710
2584,P04700,Anna Nagar,1560,4525860
2585,P01653,Karapakkam,1639,4273690
2586,P01325,Chrompet,1166,3025360
2587,P04613,Chrompet,1115,2257860
2588,P04413,Karapakkam,566,1984460
2589,P08546,Chrompet,920,4331100
2590,P06256,T Nagar,1786,3165640
2591,P05325,Karapakkam,1311,2727540
2592,P08150,Anna Nagar,1511,3968120
2593,P08879,Anna Nagar,1538,5594450
2594,P07727,KK Nagar,2390,4355780
2595,P00553,Chrompet,1262,2755330
2596,P07157,KK Nagar,2005,7718610
2597,P00781,T Nagar,1759,2791050
2598,P07822,KK Nagar,1990,7448410
2599,P07909,KK Nagar,2243,5043900
2600,P00296,Anna Nagar,1505,4209250
2601,P06361,Velachery,1528,4132480
2602,P06988,KK Nagar,2457,5133610
2603,P00667,Chrompet,891,2570000
2604,P01794,Velachery,1779,5033690
2605,P01186,Chrompet,1072,2271930
2606,P06538,Velachery,1655,3028850
2607,P04459,Karapakkam,1590,3504990
2608,P07966,Adyar,650,2020710
2609,P04860,Chrompet,756,2214300
2610,P04197,T Nagar,1649,5606160
2611,P04933,KK Nagar,1518,3149450
2612,P08945,Adyar,884,3252860
2613,P08701,Velachery,1975,5004760
2614,P00399,Chrompet,723,2870350
2615,P09196,Chrompet,737,2258570
2616,P03699,Karapakkam,592,2259130
2617,P05142,Karapakkam,1550,3739630
2618,P00372,Chrompet,961,3689010
2619,P08161,Chrompet,1127,3594050
2620,P07855,Anna Nagar,1936,3867340
2621,P06091,Velachery,1746,3825440
2622,P09351,Chrompet,1257,2810520
2623,P08146,KK Nagar,1539,4250340
2624,P06591,Karapakkam,1263,3876650
2625,P07996,Chrompet,1030,3651230
2626,P02483,Karapakkam,1474,2883130
2627,P08998,Anna Nagar,1811,4796990
2628,P00564,Chrompet,1162,2098720
2629,P03443,Velachery,1595,3254950
2630,P08058,KK Nagar,1590,3595380
2631,P05258,Karapakkam,1440,3050810
2632,P03513,KK Nagar,2028,5679360
2633,P05626,Chrompet,850,2908880
2634,P02120,Velachery,1930,3965180
2635,P08194,Chrompet,1083,2549800
2636,P02190,Anna Nagar,1537,6340820
2637,P04293,KK Nagar,2424,6181020
2638,P05802,KK Nagar,1553,6847320
2639,P07292,KK Nagar,1729,7703360
2640,P00495,T Nagar,1663,4691890
2641,P06942,KK Nagar,1452,4399500
2642,P02883,KK Nagar,1785,4749870
2643,P03746,Karapakkam,761,2114370
2644,P08799,Chrompet,919,3073420
2645,P04315,Karapakkam,1265,4725240
2646,P00435,Chrompet,1291,2877320
2647,P02106,Anna Nagar,1657,3564520
2648,P04350,Karapakkam,564,2613780
2649,P04859,Chrompet,1158,2594330
2650,P07191,KK Nagar,1826,4670760
2651,P05546,Velachery,1820,5507040
2652,P03461,Karapakkam,1348,2988970
2653,P09711,Velachery,1740,2696100
2654,P00735,Chrompet,881,2377420
2655,P01845,Anna Nagar,1745,3465770
2656,P03067,Velachery,1668,5307980
2657,P02840,Karapakkam,910,1918980
2658,P04000,Anna Nagar,1563,3971470
2659,P00427,Chrompet,1106,2963140
2660,P08699,Chrompet,1219,4075930
2661,P09824,Velachery,1694,3363320
2662,P09193,Adyar,710,2733280
2663,P03871,Karapakkam,568,1977000
2664,P03017,Chrompet,1112,3955080
2665,P03896,KK Nagar,1606,3245150
2666,P08332,Chrompet,1008,2211660
2667,P04703,KK Nagar,2233,4641600
2668,P08779,Adyar,1237,2940960
2669,P04680,Karapakkam,923,2274750
2670,P08840,T Nagar,1827,4964950
2671,P09835,Velachery,1811,4367880
2672,P09962,Velachery,1924,3338350
2673,P07321,Velachery,1867,4002510
2674,P00969,Anna Nagar,1975,6263550
2675,P02205,KK Nagar,2280,9600100
2676,P03447,Velachery,1731,2913160
2677,P01299,Chrompet,922,3335990
2678,P01391,Anna Nagar,1907,3767800
2679,P01669,Karapakkam,736,4780500
2680,P08539,T Nagar,1610,4042880
2681,P05322,T Nagar,1886,7272390
2682,P01296,T Nagar,1633,5489620
2683,P00205,Chrompet,1143,3544180
2684,P08620,Chrompet,1117,2672850
2685,P03029,Chrompet,1122,2490000
2686,P01710,Karapakkam,1264,3222500
2687,P02519,Anna Nagar,1893,3191790
2688,P00578,Chrompet,822,2131110
2689,P08231,KK Nagar,1812,5094270
2690,P00227,Chrompet,1091,2776290
2691,P09478,Velachery,1972,5210480
2692,P04529,Chrompet,939,3624050
2693,P00314,Chrompet,1004,2282010
2694,P07290,Anna Nagar,1726,3713990
2695,P02877,Karapakkam,1094,2348690
2696,P06560,Adyar,1119,2836980
2697,P08286,Chrompet,914,3645020
2698,P08774,Adyar,1093,3294880
2699,P01536,KK Nagar,1790,6837390
2700,P03396,Adyar,1133,3473220
2701,P01860,Adyar,902,3573660
2702,P03038,KK Nagar,1790,4722620
2703,P07081,Chrompet,1095,2136080
2704,P02882,Chrompet,957,4003210
2705,P07402,KK Nagar,1451,3577440
2706,P01344,Chrompet,820,3224220
2707,P02508,KK Nagar,1980,6396170
2708,P06174,KK Nagar,1333,4170430
2709,P05326,Chrompet,891,2670430
2710,P00921,T Nagar,1761,7074100
2711,P08385,Anna Nagar,1642,6503930
2712,P08336,Velachery,1601,4771470
2713,P05271,Chrompet,1007,2406840
2714,P09333,Anna Nagar,1843,3628990
2715,P08110,Velachery,1591,4856570
2716,P00656,Chrompet,925,3143900
2717,P04339,Chrompet,973,2373700
2718,P06651,Adyar,979,3990720
2719,P00557,Chrompet,736,2975020
2720,P00084,Chrompet,983,3571290
2721,P02225,KK Nagar,1595,4989590
2722,P00284,T Nagar,1659,3217290
2723,P07871,Chrompet,1166,2660850
2724,P07246,T Nagar,1590,3280910
2725,P08722,T Nagar,1918,4368030
2726,P07010,Adyar,1213,2515660
2727,P08916,Chrompet,1276,2822820
2728,P01876,Adyar,1111,2247390
2729,P00046,Anna Nagar,1764,3087420
2730,P04662,Karapakkam,984,2309750
2731,P03247,Adyar,933,2504610
2732,P01704,Karapakkam,1485,3977000
2733,P05663,Chrompet,852,2590910
2734,P04795,KK Nagar,2233,4019300
2735,P09656,Velachery,1978,5528840
2736,P04330,Anna Nagar,1533,4861310
2737,P01223,Chrompet,1153,2438970
2738,P06613,Chrompet,814,3493410
2739,P07899,Adyar,1296,4655040
2740,P07206,KK Nagar,2348,5213890
2741,P09284,Adyar,707,2503870
2742,P08406,T Nagar,1676,5220520
2743,P05741,Karapakkam,1080,4092410
2744,P02287,Karapakkam,1571,4192200
2745,P08094,Anna Nagar,1809,3372900
2746,P07412,Adyar,842,2273520
2747,P02540,KK Nagar,1773,7145650
2748,P06998,Chrompet,1297,2589830
2749,P02872,Karapakkam,1660,6396830
2750,P07877,KK Nagar,2370,8500300
2751,P02075,Karapakkam,753,2567260
2752,P00477,Anna Nagar,1678,7191290
2753,P00076,Chrompet,1110,4245980
2754,P01140,Chrompet,1298,2864070
2755,P07429,KK Nagar,1491,5952560
2756,P07609,Chrompet,803,2548920
2757,P03861,Karapakkam,1059,3098200
2758,P05526,Adyar,1189,3211480
2759,P00319,Chrompet,1246,2938330
2760,P08359,Chrompet,761,2443600
2761,P07173,Adyar,1285,3225710
2762,P09359,Velachery,1515,5139940
2763,P06263,Karapakkam,834,4072310
2764,P09589,Velachery,1515,1877000
2765,P02575,Karapakkam,1038,2308790
2766,P09355,Adyar,1036,2821600
2767,P00446,Chrompet,767,2770530
2768,P05719,Karapakkam,1291,2614430
2769,P03069,Karapakkam,1082,2124590
2770,P00548,T Nagar,1981,3409760
2771,P06353,Karapakkam,1650,2797820
2772,P01101,Chrompet,1261,2661420
2773,P09613,Velachery,1723,5352300
2774,P00380,Chrompet,907,2891940
2775,P00373,Anna Nagar,1713,4692540
2776,P04296,Adyar,988,4156790
2777,P04013,KK Nagar,1782,5328620
2778,P08075,Anna Nagar,1724,4936710
2779,P08514,Adyar,1254,2617280
2780,P07979,Anna Nagar,1880,6573300
2781,P00506,Chrompet,885,2895810
2782,P03578,Karapakkam,1594,2750790
2783,P05594,Karapakkam,876,1323790
2784,P00218,Chrompet,1298,3933100
2785,P09100,Velachery,1570,2535520
2786,P00003,T Nagar,1608,5723200
2787,P07906,Velachery,1561,3625370
2788,P07219,KK Nagar,2207,3393960
2789,P03651,KK Nagar,1766,4580390
2790,P04188,Karapakkam,665,2200230
2791,P04849,Karapakkam,822,1669470
2792,P04219,Karapakkam,1222,3937120
2793,P03634,Adyar,750,3558790
2794,P08855,Chrompet,1086,3953470
2795,P03016,Adyar,912,4868080
2796,P03883,Adyar,1269,2648960
2797,P03685,Velachery,1636,3779740
2798,P05241,Chrompet,1069,3481450
2799,P09412,Velachery,1979,3701650
2800,P00277,Chrompet,1115,3340590
2801,P01640,Karapakkam,1041,3049630
2802,P07596,Chrompet,1044,3515220
2803,P02271,Anna Nagar,1578,4655980
2804,P09725,Velachery,1578,5371500
2805,P02505,Velachery,1531,4637470
2806,P00841,Chrompet,949,3917900
2807,P04792,Adyar,793,2535330
2808,P09017,Velachery,1880,3027240
2809,P02985,Velachery,1950,3010260
2810,P05653,Karapakkam,921,2294130
2811,P04915,Karapakkam,1640,2817270
2812,P08193,Chrompet,1078,3682080
2813,P02805,Karapakkam,1232,3099180
2814,P07552,Velachery,1822,2635890
2815,P04235,Karapakkam,1658,4176380
2816,P07359,Velachery,1540,2494730
2817,P09553,T Nagar,1935,4299590
2818,P00290,Chrompet,1182,2581230
2819,P03070,Karapakkam,984,3186230
2820,P04340,KK Nagar,2457,4110100
2821,P01139,T Nagar,1957,4155180
2822,P06274,Chrompet,831,2147610
2823,P03278,Karapakkam,1605,2935940
2824,P03011,Adyar,737,2872430
2825,P00932,Chrompet,1157,4412100
2826,P08760,T Nagar,1751,3855550
2827,P05606,Velachery,1778,2380930
2828,P09252,Chrompet,1010,2461610
2829,P00725,Chrompet,845,3272010
2830,P00808,Chrompet,1176,2189090
2831,P02926,Karapakkam,1284,3209100
2832,P02065,Chrompet,1022,2418290
2833,P09242,T Nagar,1817,2936530
2834,P04568,Karapakkam,1295,2796750
2835,P04632,Karapakkam,1592,2435240
2836,P02044,Anna Nagar,1730,6738020
2837,P06818,KK Nagar,1574,4751730
2838,P00809,T Nagar,1700,7285630
2839,P03085,Chrompet,1220,2699710
2840,P01700,Anna Nagar,1509,4395850
2841,P09287,Chrompet,1013,3685040
2842,P06825,KK Nagar,2327,6868870
2843,P05296,KK Nagar,2491,6008850
2844,P06114,Velachery,1796,3608170
2845,P05778,T Nagar,1581,4038060
2846,P06968,KK Nagar,2460,5877670
2847,P09957,Velachery,1515,5271270
2848,P01337,Anna Nagar,1814,3523540
2849,P02753,Karapakkam,1075,2155280
2850,P06166,KK Nagar,1433,3808670
2851,P00274,Anna Nagar,1949,8192130
2852,P06229,Velachery,1835,6502020
2853,P01411,Chrompet,1264,3363220
2854,P08745,Adyar,1032,3559990
2855,P04650,Karapakkam,927,2789910
2856,P04354,Chrompet,1245,2613430
2857,P06171,Chrompet,1279,3128220
2858,P08104,KK Nagar,1914,4804230
2859,P04064,Adyar,883,3688930
2860,P01994,Anna Nagar,1646,2795820
2861,P06175,KK Nagar,1853,6133560
2862,P07701,Adyar,775,2590630
2863,P01588,Karapakkam,1621,3898640
2864,P07589,Anna Nagar,1759,4416090
2865,P05364,Anna Nagar,1628,5627500
2866,P04207,Velachery,1771,5075260
2867,P00438,Chrompet,1188,3911540
2868,P06272,Karapakkam,1533,2683290
2869,P02142,Adyar,1215,4521090
2870,P04489,Karapakkam,1027,2126440
2871,P07888,KK Nagar,1384,2925020
2872,P00238,Chrompet,1169,4141560
2873,P09975,Velachery,1646,3917250
2874,P02421,Karapakkam,538,2527200
2875,P07237,Velachery,1985,6995110
2876,P08285,Adyar,1153,4525010
2877,P01619,Adyar,1222,3672890
2878,P07274,KK Nagar,2489,9281740
2879,P02493,KK Nagar,2207,3684730
2880,P03294,Karapakkam,727,1167530
2881,P04965,Karapakkam,996,3122080
2882,P04222,Chrompet,969,2868220
2883,P09008,Adyar,1107,5717770
2884,P00814,T Nagar,1559,3455880
2885,P01506,Karapakkam,1578,3089970
2886,P03538,Karapakkam,1687,3717810
2887,P02955,Karapakkam,1307,2267760
2888,P00250,Anna Nagar,1572,3611790
2889,P06392,Velachery,1525,5341200
2890,P04153,T Nagar,1771,5243760
2891,P05491,T Nagar,1608,7182530
2892,P03112,Karapakkam,898,2239740
2893,P00158,Chrompet,1223,3002930
2894,P08731,Chrompet,843,3318000
2895,P09741,Velachery,1599,5230630
2896,P10029,Velchery,1886,4544190
2897,P07554,Velachery,1769,3640150
2898,P06496,Karapakkam,692,2733390
2899,P02878,Adyar,716,2012600
2900,P00641,Chrompet,1254,2278790
2901,P07136,Adyar,1270,5510060
2902,P07199,Velachery,1651,3198900
2903,P08123,KK Nagar,2200,7968180
2904,P07963,KK Nagar,1486,5061930
2905,P04055,KK Nagar,2114,6429140
2906,P07269,KK Nagar,1666,3260290
2907,P06245,Anna Nagar,1896,5503680
2908,P06008,Chrompet,994,2607070
2909,P02839,Karapakkam,1180,3462590
2910,P07594,Velachery,1800,5045320
2911,P05269,Karapakkam,1445,2630660
2912,P09638,Velachery,1763,2916560
2913,P00711,Anna Nagar,1883,5715460
2914,P05814,Anna Nagar,1984,7847800
2915,P01947,Karapakkam,518,1260720
2916,P09979,Velchery,1598,4942470
2917,P04405,Chrompet,734,2118360
2918,P01163,Chrompet,862,2590580
2919,P04268,Adyar,791,2568870
2920,P01065,T Nagar,1784,4048980
2921,P08603,Adyar,1074,3000220
2922,P00474,Anna Nagar,1548,4539350
2923,P08173,Velachery,1527,5115720
2924,P00643,Chrompet,1089,4171010
