PRT_ID,AREA,INT_SQFT,REG_FEE
P05996,Chrompet,958,203260
P09294,Anna Nagar,1807,370410
P03807,Karapakkam,1658,387972
P00539,Anna Nagar,1592,408134
P01448,Chrompet,857,181212
P06667,KK Nagar,1818,472463
P09803,Velachery,1584,533096
P05568,Anna Nagar,1860,849269
P05102,Velachery,1701,447233
P04556,Adyar,868,186898
P03782,KK Nagar,1313,426776
P02221,KK Nagar,1785,529653
P03299,Velachery,1608,461976
P08959,Chrompet,832,232887
P09377,Velachery,1818,242141
P09924,Velachery,1730,377996
P01394,Chrompet,1122,264306
P07407,KK Nagar,1606,352757
P08729,Anna Nagar,1976,342864
P09542,Velachery,1954,407783
P01853,Chrompet,1030,249813
P08051,Adyar,1222,402214
P08271,Adyar,856,179018
P02055,Velachery,1957,326366
P01462,Adyar,1011,237103
P03664,Velachery,1725,504720
P02370,Adyar,1238,226926
P07852,Anna Nagar,1691,630391
P06278,KK Nagar,2085,674510
P08467,Chrompet,1021,404651
P00992,Anna Nagar,1514,445469
P05942,Chrompet,1030,214338
P03989,Chrompet,906,212970
P07060,T Nagar,1539,310225
P00285,Anna Nagar,1743,458643
P04718,Karapakkam,520,271380
P00956,Anna Nagar,1823,314403
P07903,KK Nagar,1565,532458
P09166,Velachery,1941,284285
P04499,Karapakkam,1383,266465
P04015,Karapakkam,789,128603
P09376,Velachery,1970,351418
P00012,Chrompet,726,185401
P08995,Anna Nagar,1737,347569
P02323,Karapakkam,980,343899
P01359,Chrompet,776,255594
P07090,Chrompet,1257,458989
P08475,Adyar,1118,421218
P02125,Velachery,1575,562279
P07915,Anna Nagar,1617,606419
P06139,Adyar,1193,267931
P03073,Karapakkam,1371,236739
P08441,Chrompet,1070,256630
P01565,Velachery,1550,322778
P00791,Chrompet,1030,252000
P06751,Adyar,676,479538
P04554,Karapakkam,1651,529474
P03839,Karapakkam,1313,317642
P01409,Chrompet,743,355178
P07431,KK Nagar,1394,442292
P03489,KK Nagar,2351,570646
P06387,Velachery,1522,266533
P06779,Chrompet,1121,254717
P01889,Adyar,1063,324378
P06149,Adyar,1132,410908
P08873,T Nagar,1622,338674
P03425,KK Nagar,1470,602615
P09806,Velachery,1705,362504
P04345,KK Nagar,1912,491704
P04042,KK Nagar,1341,419525
P09781,Velachery,1884,242804
P00254,Chrompet,1235,375611
P09091,Anna Nagar,1865,518162
P04061,KK Nagar,1472,465739
P06644,Karapakkam,1266,253010
P08517,Chrompet,1287,411666
P07492,Adyar,1089,341356
P04452,T Nagar,1939,406772
P08144,Chrompet,919,256211
P02854,Karapakkam,932,266972
P04835,Chrompet,1240,272668
P00455,T Nagar,1623,432194
P07396,Adyar,830,236639
P07777,Adyar,651,229303
P05423,Chrompet,1024,305708
P05820,T Nagar,1512,555363
P01309,Chrompet,723,260256
P04343,Karapakkam,876,202528
P05167,Adyar,995,269456
P03621,Chrompet,726,237662
P01131,T Nagar,1755,600435
P04092,Adyar,688,172014
P07035,Adyar,1087,291630
P04257,Adyar,1146,366040
P00928,Anna Nagar,1710,546176
P09597,Velachery,1533,327385
P09744,Velachery,1596,522973
P08951,Chrompet,742,209998
P03143,Karapakkam,1538,291172
P00062,Chrompet,724,206286
P06406,Karapakkam,1216,380323
P07835,Adyar,938,267779
P00485,Chrompet,782,232695
P09288,Chrompet,1160,395010
P04002,Karapakkam,983,413218
P04853,Chrompet,1142,250545
P03361,Karapakkam,1278,411517
P05281,Velachery,1876,332581
P06568,KK Nagar,2140,444080
P07595,Adyar,680,261880
P02829,KK Nagar,2243,666253
P03226,Karapakkam,1306,294190
P03068,T Nagar,1899,396142
P04223,Chrompet,949,230151
P01682,Karapakam,544,256576
P01342,Chrompet,893,230112
P01954,KK Nagar,1766,443010
P03346,KK Nagar,1876,568192
P06090,Karapakkam,747,272650
P08664,Velachery,1639,356000
P02701,KK Nagar,2130,474526
P03668,Chrompet,941,437446
P05791,Karapakkam,1129,314395
P04571,Karapakkam,1617,236996
P04306,KK Nagar,1747,354141
P06965,Chrompet,1139,284455
P00968,Chrompet,914,328759
P07351,Velachery,1615,315514
P07627,Velachery,1971,467411
P02263,Karapakkam,1402,189394
P00900,Chrompet,746,257918
P05532,Velachery,1945,374161
P02420,KK Nagar,1851,411051
P02948,KK Nagar,1776,458870
P02449,Karapakkam,1639,393635
P04555,Adyar,960,333078
P08461,Adyar,1296,578138
P03817,Adyar,1199,426646
P01194,T Nagar,1765,592682
P00096,Chrompet,1212,416749
P06955,KK Nagar,1693,367912
P07375,Chrompet,1117,288283
P01198,Chrompet,1008,287112
P06393,Chrompet,702,224019
P00973,T Nagar,1702,727691
P08413,T Nagar,1837,418075
P08452,Adyar,1129,361001
P05808,KK Nagar,2379,824167
P01732,Karapakkam,1690,300553
P03265,Karapakkam,811,418252
P09269,Velachery,1778,521720
P02005,KK Nagar,2291,460515
P09884,Velachery,1558,271185
P03077,Velachery,1671,406042
P02144,KK Nagar,2236,494627
P01972,Karapakkam,1115,216694
P03272,KK Nagar,2264,644244
P04748,T Nagar,1960,427865
P09255,T Nagar,1883,518015
P02072,Karapakkam,1578,525756
P05111,KK Nagar,2352,840074
P05943,KK Nagar,2143,367111
P04135,KK Nagar,1611,740964
P03351,Velachery,1998,332732
P02627,Chrompet,882,260823
P02406,Karapakkam,1301,319725
P05640,Karapakkam,1348,399955
P09231,Chrompet,880,399881
P06390,Chrompet,770,236576
P08275,KK Nagar,1589,370003
P00571,Chrompet,760,212436
P03094,Velachery,1989,538400
P02145,KK Nagar,1666,580329
P01403,Chrompet,1274,301122
P00398,Chrompet,1006,274230
P05079,Chrompet,924,298098
P08844,Anna Nagar,1503,353402
P05122,Velachery,1876,467092
P02734,T Nagar,1967,366348
P07188,Velachery,1648,501039
P05561,Velachery,1566,455790
P00652,Anna Nagar,1645,466609
P01072,Chrompet,1148,262616
P00385,Chrompet,1220,248149
P05519,Karapakkam,1569,500469
P01410,Chrompet,736,237039
P05804,Karapakkam,1429,304290
P07515,Adyar,1020,414695
P00691,Chrompet,1192,231401
P03592,Karapakkam,815,334541
P09493,Velachery,1522,417929
P04172,Karapakkam,878,308900
P01605,Chrompet,1298,264022
P03956,Karapakkam,1365,273340
P05076,Karapakkam,1134,395646
P05695,Anna Nagar,1815,493664
P00993,Chrompet,979,351538
P02468,Karapakkam,1605,486100
P06320,Karapakkam,1026,173450
P02001,Karapakkam,1580,564192
P08770,Chrompet,985,246969
P00229,T Nagar,1583,679860
P06646,Karapakkam,1677,529432
P04466,Karapakkam,1189,362993
P05793,Velachery,1599,283585
P01750,Velachery,1509,340957
P09131,Adyar,1070,278597
P02168,Velachery,1710,303176
P02511,Adyar,755,221398
P07343,Chrompet,1228,277863
P01376,T Nagar,1878,624638
P07422,KK Nagar,1486,576067
P01769,Karapakkam,1546,320526
P08586,Velachery,1812,341954
P06488,Karapakkam,1648,282870
P01230,Chrompet,1148,248208
P02908,Chrompet,723,193616
P08831,T Nagar,1805,591255
P03288,Velachery,1567,509505
P00680,Chrompet,796,181506
P02031,Adyar,867,247598
P04875,Karapakkam,1207,278852
P07956,KK Nagar,2417,384794
P08447,Adyar,981,293432
P05865,Chrompet,1231,281007
P09672,Velachery,1864,566244
P09920,Velachery,1912,278821
P04910,Karapakkam,1409,317200
P00162,Chrompet,1225,348719
P01825,KK Nagar,2001,330449
P05292,Chrompet,738,243180
P02712,Chrompet,1088,316920
P07747,Chrompet,733,262551
P07472,Anna Nagar,1973,340654
P00068,T Nagar,1683,444622
P00750,Chrompet,1289,517914
P01938,KK Nagar,1302,542361
P08240,Chrompet,1089,255172
P05994,Karapakkam,1386,371724
P00744,Chrompet,1238,362640
P00792,T Nagar,1607,500668
P04083,Karapakkam,847,222324
P01744,KK Nagar,2444,431300
P03503,T Nagar,1522,332289
P04256,Karapakkam,965,243831
P05332,Karapakkam,1622,381905
P04078,KK Nagar,1668,475520
P06574,KK Nagar,2290,671696
P04752,Karapakkam,1561,382262
P03316,Karapakkam,1541,418793
P07291,KK Nagar,1628,442210
P07280,KK Nagar,1358,537639
P04397,Karapakkam,1469,260193
P02025,Chrompet,928,361802
P09003,Velachery,1782,590290
P03088,KK Nagar,1588,287066
P05216,KK Nagar,1895,508964
P00823,T Nagar,1567,307287
P07932,Anna Nagar,1702,516385
P02680,KK Nagar,1309,573776
P03407,Karapakkam,1533,491820
P06860,Adyar,1289,425060
P06832,KK Nagar,1364,284263
P00361,T Nagar,1676,675907
P06394,Chrompet,1096,274538
P03881,Karapakkam,971,256133
P02725,Karapakkam,863,334910
P00544,Anna Nagar,1953,566821
P08809,Velachery,1655,372578
P02307,KK Nagar,1482,442754
P08485,Velachery,1804,362242
P09159,Anna Nagar,1802,543910
P01398,T Nagar,1535,262885
P02495,Karapakkam,1393,237962
P08769,Chrompet,1048,244033
P00458,Chrompet,960,309342
P05850,T Nagar,1709,667818
P06648,Chrompet,1168,252518
P05003,Karapakkam,1380,321689
P03602,KK Nagar,1710,723212
P03201,Karapakkam,1447,367109
P00489,Anna Nagar,1537,411752
P06958,Chrompet,724,212565
P04750,KK Nagar,1495,343006
P06660,KK Nagar,1362,415304
P04403,Chrompet,1150,349373
P04175,Adyar,1212,370181
P07433,KK Nagar,1886,420307
P03525,Chrompet,994,268415
P09373,Chrompet,862,183130
P05845,Karapakkam,1217,286593
P05717,Karapakkam,1676,434388
P00953,Chrompet,1283,318992
P01301,T Nagar,1841,319484
P07032,Adyar,759,228845
P09312,Velachery,1532,244666
P02357,Velachery,1714,428160
P00029,Anna Nagar,1505,351872
P06760,KK Nagar,1886,485778
P03206,Velachery,1537,366743
P08261,Velachery,1686,422249
P07838,KK Nagar,1533,655178
P03558,Anna Nagar,1565,389580
P03700,Karapakkam,1098,320873
P06412,KK Nagar,1434,540539
P04043,KK Nagar,2176,386956
P03850,KK Nagar,1596,320738
P05426,Karapakkam,987,268627
P00178,Chrompet,1036,226971
P03363,Chrompet,863,310308
P01018,Anna Nagar,1960,494419
P00572,Chrompet,771,290323
P02373,Chrompet,1015,329025
P04813,Karapakkam,1509,302567
P05372,Karapakkam,1059,228902
P04285,Karapakkam,1398,428914
P00459,Anna Nagar,1633,474856
P02208,Chrompet,829,162761
P08567,Velachery,1857,270162
P07415,Anna Nagar,1988,784369
P02413,KK Nagar,1552,422600
P02586,Karapakkam,1404,391850
P05842,Chrompet,1007,294100
P05225,Velachery,1617,508595
P03024,Karapakkam,1382,372383
P04596,Karapakkam,566,118868
P01389,Anna Nagar,1939,401307
P03708,Velachery,1528,249159
P08783,Adyar,1288,309376
P06624,Chrompet,1247,415600
P02243,KK Nagar,2217,776016
P00020,Chrompet,753,179347
P05876,Karapakkam,1180,267498
P07232,Adyar,1079,261113
P02855,Velachery,1618,395310
P09303,Adyar,878,348177
P02015,Karapakkam,1640,322047
P05454,KK Nagar,1537,629179
P07348,T Nagar,1510,458763
P03637,Anna Nagar,1543,396283
P00263,Chrmpet,1261,203044
P02270,Anna Nagar,1607,453194
P06691,Adyar,1178,258117
P04068,Karapakkam,660,270826
P04812,Chrompet,974,248582
P05806,KK Nagar,1851,774945
P08297,Chrompet,722,286980
P09086,Anna Nagar,1719,814946
P00775,Chrompet,989,335294
P06970,Velachery,1988,559039
P07630,Adyar,712,298857
P06558,Karapakkam,696,152494
P01847,Karapakkam,1242,467571
P04412,Karapakkam,911,203166
P05028,Velachery,1703,298354
P04089,Karapakkam,884,159618
P03672,Chrompet,1063,278651
P05147,Adyar,795,301145
P08288,Chrompet,1148,331070
P01330,Chrompet,916,356333
P04020,Chrompet,1041,269967
P07516,Adyar,925,312791
P03129,KK Nagar,2170,509699
P07204,Chrompet,989,445794
P02045,Chrompet,1170,254953
P08996,T Nagar,1967,495958
P00574,Chrompet,1166,246961
P02149,KK Nagar,2199,399619
P09851,Velachery,1894,534360
P00509,Anna Nagar,1910,900107
P00136,T Nagar,1746,498598
P02618,Anna Nagar,1899,410420
P07265,Adyar,1111,306517
P00855,T Nagar,1897,600284
P03046,Karapakkam,1263,354498
P10026,Velachery,1672,323294
P00177,Chrompet,823,276413
P09301,Adyar,636,277824
P03284,Karapakkam,1461,265170
P06088,Chrompet,1085,218043
P01106,Chrompet,767,225607
P05623,Velachery,1740,413902
P01357,Anna Nagar,1548,631993
P00215,Anna Nagar,1526,549072
P05023,Anna Nagar,1627,552324
P02983,Karapakkam,1585,234360
P05782,Adyar,1011,287517
P05733,Velachery,1729,569431
P02670,Karapakkam,1507,320381
P08342,Chrompet,941,269741
P09732,Velachery,1646,409025
P05262,KK Nagar,2182,460734
P05661,Karapakkam,1362,392909
P07639,Anna Nagar,1509,310955
P08096,Chrompet,1045,393304
P09511,Anna Nagar,1646,457752
P00822,Chrompet,1191,347531
P06290,Velachery,1702,344702
P06505,Anna Nagar,1920,416065
P07653,KK Nagar,1732,388796
P06447,T Nagar,1839,577557
P04980,Karapakkam,1661,349682
P05638,Anna Nagar,1678,349270
P07544,KK Nagar,1308,374596
P01335,Chrompet,837,287763
P05311,Chrompet,826,242722
P03627,Karapakkam,1691,401703
P03784,Karapakkam,720,267687
P01464,Anna Nagar,1607,502546
P01171,Chrompet,1277,284556
P07123,KK Nagar,1464,335390
P09662,Velachery,1968,513340
P03540,Velachery,1576,290596
P05302,Karapakkam,877,302580
P08705,Adyar,1118,271122
P06665,Chrompet,844,165663
P04037,Karapakkam,1045,381969
P00325,Chrompet,998,266792
P08837,Chrompet,1136,384349
P05445,Karapakkam,1642,546210
P00292,Chrompet,897,264377
P05044,Karapakkam,1383,501343
P03002,Adyar,732,195260
P05551,KK Nagar,1512,433618
P01037,T Nagar,1709,673320
P02316,Karapakkam,1442,363313
P07532,KK Nagar,2185,716952
P02051,Karapakkam,1660,383672
P00817,Chrompet,964,326967
P05975,Karapakkam,718,317781
P09942,Velachery,1507,248656
P00488,Chrompet,837,322986
P03977,Velachery,1542,309747
P07179,Chrompet,1125,382020
P04074,Adyar,1036,308891
P04318,Anna Nagar,1886,546309
P07771,Chrompet,907,331691
P06431,T Nagar,1790,337065
P00647,Chrompet,991,445658
P03725,KK Nagar,2076,483043
P00359,T Nagar,1964,516924
P03884,Karapakkam,836,283075
P04772,Karapakkam,812,217977
P04202,Adyar,876,283803
P07384,Velachery,1647,423567
P09375,Velachery,1837,297112
P02603,Adyar,906,302595
P05744,Velachery,1516,396038
P00454,Chrompet,749,269832
P03580,Chrompet,706,314568
P01351,Chrompet,1226,323650
P05632,Adyar,809,325019
P02658,KK Nagar,2351,561175
P03487,Anna Nagar,1683,388554
P05745,Adyar,735,269053
P08616,T Nagar,1887,787887
P00575,Chrompet,1113,267501
P00782,Anna Nagar,1744,450849
P09266,Adyar,657,191702
P05541,Velachery,1609,311404
P07213,Chrompet,915,372584
P03123,Adyar,1211,265274
P01741,Adyar,1131,267554
P04336,KK Nagar,1488,461465
P02060,KK Nagar,2377,744059
P04800,Adyar,1271,383651
P01707,Adyar,888,278722
P06617,Chrompet,701,219604
P08260,KK Nagar,1551,346450
P07352,Chrompet,1129,340392
P01510,Karapakkam,1023,152733
P06564,Karapakkam,1448,602692
P08889,Chrompet,976,252332
P07268,Velachery,1835,418199
P08641,Adyar,1016,435261
P03743,Velachery,1804,282090
P08861,Chrompet,1202,299016
P07687,Chrompet,828,292298
P06080,Karapakkam,1221,186872
P01691,Karapakkam,1150,372547
P03308,Karapakkam,1029,304288
P00113,T Nagar,1531,360294
P04949,Chrompet,725,271856
P04243,Karapakkam,1084,430616
P04199,KK Nagar,2280,379565
P02919,Velachery,1782,451094
P06267,Chrompet,1041,200061
P07383,KK Nagar,1808,450347
P05429,KK Nagar,1590,623539
P07746,Chrompet,729,261661
P08241,Anna Nagar,1978,402362
P00774,Chrompet,1257,298384
P02143,Adyar,1104,516161
P00054,Anna Nagar,1933,479209
P05676,Chrompet,1294,314635
P05875,Karapakkam,796,166392
P05395,Adyar,1030,413781
P07026,Chrompet,1023,244808
P09598,Velachery,1802,293704
P09339,T Nagar,1799,555697
P03381,Karapakkam,1143,278235
P08655,Chrompet,1300,355596
P02719,Karapakkam,841,252599
P06426,Chrompet,988,314573
P06890,KK Nagar,2059,437036
P02086,Karapakkam,1397,258222
P00830,Chrompet,933,179884
P06941,KK Nagar,2124,811672
P02557,Karapakkam,1665,449153
P07158,Velachery,1588,520398
P08899,Chrompet,1110,264785
P10027,Velachery,1853,328170
P03382,Karapakkam,596,124453
P02619,Karapakkam,1412,494581
P01966,Chrompet,1244,454852
P01898,KK Nagar,1851,717687
P08328,T Nagar,1845,485406
P08153,Adyar,815,340372
P03374,Karapakkam,973,227257
P02884,Karapakkam,1430,492163
P04956,Karapakkam,1674,308868
P03101,Chrompet,1036,229028
P02129,Karapakkam,1626,363300
P08409,Anna Nagar,1807,352137
P04789,Velachery,1814,365098
P06595,Anna Nagar,1834,512039
P08818,Anna Nagar,1774,668894
P00049,Anna Nagar,1519,655412
P08666,Chrompet,1222,385724
P05554,Velachery,1504,419415
P07193,KK Nagar,2414,658051
P09408,Adyar,897,378218
P04719,Velachery,1996,384315
P04932,Velachery,1665,234815
P08708,Anna Nagar,1768,737617
P02340,KK Nagar,1602,605090
P03249,KK Nagar,2461,494972
P06831,KK Nagar,1830,421672
P08001,Chrompet,823,238461
P03973,Karapakkam,677,151918
P00444,Chrompet,875,347424
P04158,Velachery,1581,324600
P05855,KK Nagar,2330,463703
P07262,KK Nagar,2284,450705
P05559,Karapakkam,632,218342
P05021,Adyar,966,342366
P04934,KK Nagar,2277,740473
P04829,Karapakkam,675,259659
P00660,Chrompet,755,289718
P03892,KK Nagar,1395,437764
P01406,Chrompet,722,252631
P01094,Chrompet,982,256609
P05683,Velachery,1814,354325
P07631,Chrompet,1123,285855
P00484,Anna Nagar,1639,472132
P05440,Karapakkam,910,285824
P04666,Anna Nagar,1814,471785
P08189,Adyar,732,342098
P09308,Velachery,1661,219979
P05750,KK Nagar,1601,463468
P00197,Chrompet,791,374256
P01039,Chrompet,1159,317735
P09092,Velachery,1616,257270
P06411,Chrompet,767,239680
P04634,Karapakkam,650,288027
P09504,Anna Nagar,1580,568807
P01248,Chrompet,757,244104
P00972,T Nagar,1897,488733
P00715,Chrompet,1023,309306
P02242,T Nagar,1632,361513
P07921,Chrompet,913,240740
P00696,Chrompet,1251,380932
P08880,Chrompet,907,261712
P07657,Adyar,1078,226014
P06355,Karapakkam,908,230085
P06033,Karapakkam,1635,248854
P00383,Chrompet,705,188782
P09085,T Nagar,1681,671864
P06524,Karapakkam,1276,272927
P01567,KK Nagar,2100,465052
P09132,Chrompet,756,200043
P00940,T Nagar,1966,489082
P08171,Anna Nagar,1722,514164
P00456,T Nagar,1626,484099
P04128,Velachery,1981,239383
P02328,Anna Nagar,1728,400468
P00793,Anna Nagar,1943,465570
P02409,KK Nagar,1417,279714
P01064,Chrompet,1183,437433
P05038,KK Nagar,1357,371524
P05479,Chrompet,870,226746
P00326,Chrompet,799,254307
P00974,Chrompet,799,237985
P05278,KK Nagar,1923,402107
P08168,Chrompet,949,286339
P05103,KK Nagar,2259,490186
P04646,KK Nagar,1497,413759
P08299,Anna Nagar,1582,427246
P00859,Chrompet,1212,315041
P02708,Karapakkam,591,214740
P09223,Chrompet,1156,265719
P03765,Chrompet,850,271813
P03835,Anna Nagar,1882,437104
P02787,KK Nagar,2020,555029
P00567,Anna Nagar,1712,813264
P01184,Anna Nagar,1765,830814
P04181,Karapakkam,1024,268515
P01221,Anna Nagar,1694,464236
P09360,Velachery,1688,309430
P07530,Chrompet,869,322326
P04603,Karapakkam,1309,296951
P01306,Chrompet,856,272471
P08283,Anna Nagar,1571,655262
P05162,T Nagar,1536,338234
P09889,Velchery,1749,428671
P09432,Chrompet,1216,294472
P01524,KK Nagar,2421,850822
P07172,Velachery,1590,444588
P03266,Karapakkam,1557,314562
P07889,Adyar,1216,383696
P04431,Karapakkam,1507,332378
P01797,Karapakkam,1147,335016
P00268,Chrompet,1142,371622
P08897,Chrompet,1004,390860
P04788,Karapakkam,523,295445
P08215,Chrompet,771,337955
P03595,KK Nagar,1565,456843
P01202,Chrompet,1270,375515
P01297,T Nagar,1975,437315
P00618,Anna Nagar,1777,503664
P05952,KK Nagar,2484,671221
P00102,T Nagar,1975,521563
P09921,Velachery,1950,546373
P09040,Chrompet,1193,431181
P01561,T Nagar,1581,590332
P03040,Karapakkam,1593,499821
P01726,Karapakkam,1558,287198
P08303,KK Nagar,1517,473491
P08679,Adyar,1279,273062
P00044,Chrompet,1246,361596
P03533,Karapakkam,1050,218576
P04424,Velachery,1888,325562
P04909,KK Nagar,2400,639238
P00235,Anna Nagar,1569,308520
P05419,Karapakkam,1605,389442
P05054,Chrompet,1280,263766
P03596,Karapakkam,920,228113
P07307,T Nagar,1687,455023
P05807,KK Nagar,1609,369463
P05815,Karapakkam,1530,222923
P09586,Velachery,1621,408179
P07811,Velachery,1852,290661
P06349,Velachery,1629,208831
P02253,Karapakkam,1374,313666
P02795,KK Nagar,2398,603275
P06160,Karapakkam,664,80792
P00762,Anna Nagar,1704,623151
P00731,Anna Nagar,1746,459720
P02460,Karapakkam,1439,361087
P03135,Chrompet,1283,418529
P00013,Chrompet,1187,250320
P02202,Velachery,1742,321060
P05706,T Nagar,1543,697778
P06135,Velachery,1807,311673
P05349,KK Nagar,2104,563269
P06331,Karapakkam,677,293333
P03673,Anna Nagar,1744,297401
P07108,KK Nagar,1502,447513
P03471,Adyar,701,307409
P06194,Adyar,808,339371
P05433,Chrompet,743,207831
P03263,Chrompet,1065,301400
P05463,Velachery,1870,378948
P02095,Adyar,1092,273466
P04411,Karapakkam,518,186102
P02266,Anna Nagar,1929,447148
P04589,Karapakkam,573,244832
P02187,Adyar,1174,513594
P03438,Velachery,1665,426075
P09224,Chrompet,749,281818
P08410,Adyar,1044,283025
P09790,Velachery,1693,362767
P09729,Velachery,1790,387346
P04857,Karapakkam,566,374689
P06887,Chrompet,925,349196
P04640,Karapakkam,914,358790
P00207,Chrompet,1223,318582
P03508,Karapakkam,1371,250786
P05938,Adyar,702,195770
P03547,Velachery,1509,524642
P05288,Karapakkam,886,248409
P05420,Karapakkam,526,151912
P02326,Adyar,789,447577
P06785,Velachery,2000,354043
P07151,Anna Nagar,1644,322944
P04014,KK Nagar,1545,646742
P08263,Adyar,1240,390196
P07365,KK Nagar,2316,629000
P09960,Velachery,1959,325536
P02196,Karapakkam,1187,318959
P07441,Chrompet,1032,221599
P09069,Velachery,1643,546123
P05937,Velachery,1591,253466
P05930,KK Nagar,1742,384972
P01100,Chrompet,1295,352468
P03395,Adyar,949,405021
P07971,KK Nagar,1542,370659
P04746,Adyar,709,306198
P08162,Chrompet,809,336776
P07666,Adyar,607,286581
P04537,Karapakkam,844,319030
P03593,T Nagar,1689,499617
P01054,Anna Nagar,1578,514146
P07884,Velachery,1914,475762
P01290,Chrompet,1085,306430
P00320,T Nagar,1678,442151
P04621,Karapakkam,1293,261095
P03877,T Nagar,1534,540787
P06541,Anna Nagar,1581,316034
P08952,Chrompet,705,247939
P04902,Chrompet,1076,207801
P01800,Velachery,1926,341994
P08866,T Nagar,1627,457511
P04898,Karapakkam,822,324115
P09112,Velachery,1808,397388
P04962,T Nagar,1626,413407
P09567,Velachery,1553,449205
P04072,Karapakkam,870,354580
P07859,Anna Nagar,1792,424560
P09852,Velachery,1722,365754
P09042,T Nagar,1923,517365
P01141,Chrompet,1070,265304
P00805,Chrompet,723,262185
P05860,T Nagar,1902,624016
P03638,KK Nagar,2026,842292
P05972,Anna Nagar,1798,350172
P09829,Velachery,1931,619530
P07286,KK Nagar,1975,374678
P01416,Chrompet,1197,207954
P02104,Adyar,683,308773
P03028,Karapakkam,1128,337911
P07450,Chrompet,1151,205826
P08176,Chrompet,1098,272232
P06305,Karapakkam,1024,319839
P01242,Chrompet,1212,422505
P02341,KK Nagar,1887,378380
P01842,Karapakkam,889,217319
P06403,Chrompet,1157,264153
P07301,Chrompet,753,248763
P09454,Chrompet,784,250512
P02514,Adyar,672,213640
P01440,Adyar,783,363892
P07960,KK Nagar,1947,368870
P07390,KK Nagar,1414,351460
P08137,Adyar,949,441910
P02599,Velachery,1511,425389
P07625,KK Nagar,1515,350851
P07970,T Nagar,1589,472140
P00038,Anna Nagar,1655,470591
P07030,Velachery,1576,331959
P03591,KK Nagar,2500,427078
P00492,Chrompet,1258,270156
P05265,Chrompet,948,359206
P09261,Velachery,1734,319347
P09858,Velachery,1690,354056
P04062,Karapakkam,738,219765
P00260,Chrompet,1168,397306
P01610,Karapakkam,523,357782
P05645,KK Nagar,1356,351814
P00336,Anna Nagar,1867,574046
P07797,Velachery,1913,459750
P02312,Anna Nagar,1905,373375
P04276,Chrompet,1270,360616
P05730,Adyar,1283,485367
P02704,T Nagar,1507,529798
P00232,Chrompet,821,234234
P07615,Adyar,758,300601
P06795,T Nagar,1937,449561
P06949,Chrompet,1116,228884
P04559,KK Nagar,1527,390976
P05689,KK Nagar,1551,542839
P04881,T Nagar,1729,574398
P05848,Karapakkam,1462,329516
P05839,Velachery,1645,386160
P04496,Velachery,1918,516095
P08638,T Nagar,1872,824620
P09949,Velachery,1933,346500
P09995,Velachery,1607,337217
P08243,KK Nagar,1510,345289
P02538,Velachery,1817,371894
P07590,Anna Nagar,1527,288459
P00710,Anna Nagar,1933,613700
P02942,Adyar,1279,294781
P03092,Karapakkam,907,245392
P07694,KK Nagar,1405,323329
P03788,Karapakkam,1129,299830
P08111,Velachery,1603,312950
P09810,Velachery,1963,433235
P06309,Anna Nagar,1997,494472
P02728,Adyar,939,381897
P07655,Adyar,905,451532
P00124,Chrompet,1292,321585
P02546,Velachery,1703,489868
P08013,T Nagar,1878,850926
P01044,Anna Nagar,1534,300629
P02295,Adyar,747,324490
P10011,Velachery,1949,442478
P08259,Chrompet,1011,270914
P01716,Adyar,740,280724
P04251,Karapakkam,629,123218
P08497,Velachery,1730,494282
P00835,Chrompet,703,261959
P00996,Chrompet,1209,250749
P09897,Velachery,1561,348387
P05993,KK Nagar,2400,721980
P09757,Velachery,1589,331106
P04654,KK Nagar,1390,510855
P03643,Chrompet,883,318966
P05939,KK Nagar,2423,710272
P01192,Anna Nagar,1895,467572
P03238,Chrompet,1201,424939
P05146,Karapakkam,1092,442091
P07037,T Nagar,1658,398154
P07214,KK Nagar,1547,632102
P01461,Adyar,1162,361349
P01648,Karapakkam,1401,203671
P02175,KK Nagar,1558,566475
P04120,Karapakkam,909,223754
P05988,Adyar,957,357389
P05721,Karapakkam,1664,417168
P04464,Anna Nagar,1650,513403
P01630,Karapakkam,881,203438
P00091,Chrompet,746,267828
P09356,Chrompet,1053,272428
P02683,Karapakkam,1211,286696
P03759,Anna Nagar,1990,354675
P06093,Chrompet,1300,299611
P03388,Velachery,1655,470356
P09467,Adyar,710,177891
P09859,Velachery,1884,288204
P09609,Velachery,1520,380759
P04896,KK Nagar,1498,472416
P05949,Anna Nagar,1892,399957
P02002,Karapakkam,638,199757
P06714,Chrompet,780,313328
P08095,Anna Nagar,1942,365493
P01638,Karapakkam,1424,410651
P00202,Chrompet,1225,280900
P01621,Chrompet,1248,300542
P09424,Velachery,1773,345145
P00490,Chrompet,857,372997
P04205,Karapakkam,1640,446121
P02379,KK Nagar,2396,438118
P06620,Karapakkam,1626,467790
P09646,Velachery,1553,446411
P05688,KK Nagar,1317,400857
P08878,Chrompet,759,225152
P01466,T Nagar,1799,307278
P01940,Karapakkam,900,228569
P09840,Velachery,1859,453765
P03990,Chrompet,1077,452575
P09602,Velachery,1670,324198
P09774,Velachery,1922,356274
P06268,Chrompet,920,237338
P04017,Karapakkam,1244,276717
P06385,Karapakkam,1356,500738
P00024,Chrompet,985,297092
P02663,Velachery,1908,367290
P03312,Velachery,1932,405844
P04039,Chrompet,1022,345644
P08623,Adyar,1106,250092
P02068,Adyar,1268,483155
P00985,Anna Nagar,1630,552687
P01659,Velachery,1500,387916
P00104,Anna Nagar,1594,642185
P02958,KK Nagar,1858,573649
P07934,Chrompet,1237,505302
P00440,Chrompet,1292,437812
P02043,Chrompet,985,393496
P04689,Velachery,1540,530583
P02836,Velachery,1975,328851
P06335,Velachery,1605,408747
P08934,Chrompet,1043,242933
P04671,Anna Nagar,1551,474470
P05317,Karapakkam,794,139512
P03701,KK Nagar,1389,305175
P06070,Anna Nagar,1932,558111
P08116,Adyar,794,240669
P05140,Chrompet,1242,242392
P01373,T Nagar,1752,403071
P02628,KK Nagar,1603,436401
P04773,Chrompet,703,245574
P09842,Velachery,1776,624058
P03099,KK Nagar,2060,604037
P09083,Adyar,1077,530292
P03650,KK Nagar,2189,575456
P03539,Karapakkam,1104,432642
P03275,Karapakkam,778,162819
P03380,KK Nagar,1592,500750
P03937,Karapakkam,537,223779
P08991,T Nagar,1761,720912
P00497,Chrompet,843,326824
P00592,Chrompet,1108,284050
P06365,KK Nagar,2183,343253
P00271,Anna Nagar,1675,394805
P03477,Adyar,951,209594
P05922,Chrompet,1021,295573
P08761,Anna Nagar,1723,401476
P08734,Velachery,1846,396121
P08183,Chrompet,732,216038
P07804,Velachery,1531,504203
P05385,Karapakkam,560,191583
P02614,Velachery,1752,310620
P03042,Karapakkam,1173,317944
P07999,KK Nagar,2327,590328
P08510,Velachery,1561,434242
P00318,Anna Nagar,1825,508774
P03605,T Nagar,1885,493475
P00417,T Nagar,1602,699718
P07324,T Nagar,1934,851178
P07491,Adyar,1288,348801
P01969,T Nagar,1803,344164
P03364,Chrompet,1175,410231
P04864,Karapakkam,760,175815
P06176,Karapakkam,1344,412211
P05545,Karapakkam,1413,481304
P04265,Velachery,1891,634210
P09759,Velachery,1766,250985
P01311,Chrompet,1182,374435
P08957,Chrompet,1267,360330
P05178,Karapakkam,1130,398275
P05903,Karapakkam,961,252055
P08204,KK Nagar,2434,622817
P09487,Velachery,1787,235503
P00333,Chrompet,795,196006
P04429,Karapakkam,597,128810
P08606,Adyar,1277,328851
P08521,T Nagar,1710,690413
P01348,Chrompet,941,183938
P09547,Adyar,1202,464094
P01228,Anna Nagar,1933,485743
P03920,Karapakkam,1370,349517
P06086,KK Nagar,1399,625527
P00059,Chrompet,1189,215645
P02949,Karapakkam,1046,279069
P06025,Karapakkam,570,233669
P03424,T Nagar,1738,422884
P05089,Adyar,1290,473294
P00348,Chrompet,830,301714
P09247,Chrompet,1239,215556
P04547,T Nagar,1686,461172
P07493,Anna Nagar,1984,889631
P07052,Velachery,1521,420975
P09442,Adyar,1057,425652
P06829,Anna Nagar,1846,568862
P06388,Adyar,1212,403297
P04985,T Nagar,1601,404212
P02152,Chrompet,926,314703
P01764,T Nagar,1835,594087
P02666,Adyar,1267,377848
P01696,Karapakkam,1131,323077
P02821,Chrompet,855,392929
P09878,Velachery,1766,412905
P03075,Karapakkam,543,297735
P08563,Adyar,907,243902
P07271,Adyar,1214,369869
P03483,Velachery,1924,652816
P09437,Velachery,1916,303972
P02491,Anna Nagar,1806,321494
P04193,Karapakkam,1689,486803
P09716,Velachery,1960,372204
P05887,Karapakkam,1354,251180
P04454,KK Nagar,1551,329086
P06170,Karapakkam,586,185262
P03530,KK Nagar,1727,457006
P09877,Velachery,1984,312139
P06852,KK Nagar,1920,749008
P05933,KK Nagar,2037,507234
P00657,Chrompet,772,223388
P06748,Chrompet,1288,266539
P07013,Chrompet,985,281162
P05649,Chrompet,894,313535
P06061,Velachery,1537,340747
P02790,Velachery,1813,398277
P02410,KK Nagar,1589,479132
P09249,Anna Nagar,1830,511704
P09635,Velachery,1625,384590
P08185,KK Nagar,1857,509225
P03057,Karapakkam,1002,305736
P00799,Anna Nagar,1877,539391
P01960,Anna Nagar,1511,712086
P06526,Adyar,755,290642
P04692,Karapakkam,877,232654
P01304,Chrompet,1090,431078
P05581,Velachery,1684,422502
P07533,Chrompet,989,209864
P06659,Anna Nagar,1598,338610
P03632,Karapakkam,1333,234157
P09125,Velachery,1654,293446
P06024,Chrompet,932,243731
P08040,Anna Nagar,1870,811778
P03695,Chrompet,1219,246338
P04735,Karapakkam,677,349261
P03843,KK Nagar,2085,780678
P09133,Adyar,1023,393950
P01261,T Nagar,1557,420138
P07336,KK Nagar,1487,345159
P09251,Velachery,1526,428554
P08057,Chrompet,829,204059
P04183,Velachery,1735,417949
P05828,Karapakkam,537,328535
P04321,Karapakkam,900,254865
P06605,KK Nagar,2040,708534
P02259,Chrompet,1221,373321
P02766,Karapakkam,1174,217628
P04539,Chrompet,1216,248435
P09323,Chrompet,1104,229468
P01776,T Nagar,1635,487992
P04169,Karapakkam,1659,381019
P09334,Adyar,855,210847
P06849,Adyar,908,242081
P01547,Karapakkam,1066,338894
P09667,Velachery,1614,418167
P05792,Karapakkam,1534,345454
P02909,KK Nagar,2322,563644
P01540,Karapakkam,838,284068
P02224,Chrompet,826,240115
P08378,Anna Nagar,1960,402666
P09647,Velachery,1702,520634
P09752,Velachery,1819,289299
P05337,Karapakkam,534,163296
P09532,Velachery,1807,330465
P01637,KK Nagar,1551,431600
P04036,Chrompet,1264,338542
P05462,Karapakkam,1237,418150
P09955,Velachery,1567,496538
P07991,Chrompet,1245,328269
P05982,Chrompet,787,289027
P00547,Chrompet,813,246592
P09045,Anna Nagar,1864,412347
P05977,KK Nagar,2414,563928
P09331,Velachery,1738,314680
P06474,Karapakkam,763,253420
P00365,Chrompet,1021,297021
P09641,Velachery,1846,323280
P06362,Anna Nagar,1783,385126
P06140,Chrompet,1194,252602
P00077,Chrompet,1060,279508
P02277,Anna Nagar,1757,435294
P03390,KK Nagar,1646,676368
P03402,Anna Nagar,1877,476913
P04776,Anna Nagar,1537,414642
P00540,Chrompet,721,230796
P09587,Velachery,1552,422821
P00313,T Nagar,1962,523114
P01300,Chrompet,782,171690
P07577,Velachery,1703,529260
P03039,KK Nagar,1555,408738
P05207,Karapakkam,801,264545
P09494,Chrompet,751,296447
P08403,Chrompet,771,252170
P06502,Karapakkam,944,238077
P06493,Karapakkam,1333,465862
P00672,Chrompet,1284,355435
P07302,Anna Nagar,1844,534032
P09543,Chrompet,958,205924
P04767,Karapakkam,1588,398570
P00619,Anna Nagar,1621,356928
P01077,Chrompet,732,256050
P07886,Chrompet,725,186302
P01870,Chrompet,995,373248
P04065,T Nagar,1690,754315
P00436,Anna Nagar,1578,396652
P02284,T Nagar,1962,483749
P06897,Adyar,1221,438771
P08502,T Nagar,1747,581459
P09678,Velachery,1756,282330
P02345,Karapakkam,1311,320170
P09644,Velachery,1712,396822
P04488,Karapakkam,1292,218475
P09096,Anna Nagar,1751,355461
P04030,KK Nagar,2049,586120
P08949,Chrompet,1247,274473
P08218,Velachery,1607,309695
P03375,Karapakkam,1185,362104
P00946,Chrompet,901,277765
P08398,Adyar,1250,518605
P08993,Anna Nagar,1804,410718
P03514,Karapakkam,1419,317040
P02315,Karapakkam,862,206986
P02610,Karapakkam,982,234719
P01214,Anna Nagar,1759,440026
P06059,KK Nagar,1380,433038
P00462,Chrompet,993,331494
P06921,Adyar,1164,466789
P06800,Chrompet,798,191713
P04267,Velachery,1510,364220
P00179,T Nagar,1968,661605
P01729,Karapakkam,1555,399856
P03269,Karapakkam,1247,358017
P02808,Adyar,1300,336522
P00349,Chrompet,768,196344
P05032,KK Nagar,1555,613745
P09747,Velachery,1703,396334
P10020,Velachery,1674,486266
P07162,Chrompet,1158,328159
P04166,Adyar,1051,386143
P06777,KK Nagar,2490,440787
P05497,Karapakkam,1236,216597
P08354,Adyar,1266,488788
P02912,Chrompet,1092,212888
P06021,Karapakkam,1566,366949
P09364,Anna Nagar,1668,474056
P00693,T Nagar,1602,630983
P00605,Chrompet,1184,328660
P04149,Adyar,1266,271231
P03647,Adyar,1054,343593
P09228,Anna Nagar,1693,450667
P03742,Karapakkam,593,254074
P04327,T Nagar,1923,732648
P09982,Velachery,1502,441976
P08632,Chrompet,1121,220828
P01126,T Nagar,1768,335260
P03480,KK Nagar,1726,320596
P04361,Chrompet,1091,273057
P08349,Chrompet,1196,284281
P04425,Adyar,1232,388390
P09455,Velachery,1725,387697
P03095,Adyar,907,302422
P04349,KK Nagar,1947,529303
P08219,Adyar,997,241317
P04517,Karapakkam,1244,199448
P00523,Chrompet,1279,410305
P07874,KK Nagar,2420,546309
P09907,Velachery,1615,357739
P05273,KK Nagar,1458,404400
P08515,Anna Nagar,1568,478051
P04996,KK Nagar,2278,589281
P04155,Karapakkam,1064,233036
P09535,Chrompet,925,331766
P07983,Chrompet,951,304561
P07289,Chrompet,1105,210175
P02058,T Nagar,1943,440632
P08222,KK Nagar,1384,445738
P00923,Anna Nagar,1872,573627
P09081,Chrompet,1267,309194
P04495,Karapakkam,636,201506
P04133,Chrompet,883,271431
P08946,Chrompet,826,227539
P06224,Velachery,1646,268951
P04469,Chrompet,1080,204863
P01839,T Nagar,1543,459767
P01436,Chrompet,971,370732
P04224,Karapakkam,607,197410
P04313,Karapakkam,1512,320365
P00208,Chrompet,794,191907
P04491,Karapakkam,1685,412498
P09160,Velachery,1959,519338
P04937,Chrompet,1046,293428
P08542,Chrompet,997,360975
P01040,Chrompet,743,171994
P00206,Chrompet,845,236953
P01945,Chrompet,848,279985
P07148,Velachery,1884,314225
P04097,Chrompet,849,244692
P03434,Chrompet,1265,464535
P00437,Anna Nagar,1760,341917
P06956,Chrompet,905,213128
P05376,Karapakkam,1453,410772
P02731,Adyar,1247,272013
P07895,Anna Nagar,1731,358831
P03804,Chrompet,758,187514
P05220,Velachery,1569,521917
P08555,Chrompet,825,236490
P03209,KK Nagar,1369,393518
P01819,KK Nagar,2027,471332
P07646,KK Nagar,1773,350457
P00344,Chrompet,774,276102
P04587,KK Nagar,1708,432971
P09753,Velachery,1792,288107
P08425,Adyar,1112,294686
P05084,Karapakkam,1246,266483
P03563,Chrompet,931,193916
P01594,Karapakkam,983,255450
P02339,KK Nagar,1631,412974
P05555,Adyar,697,287551
P04721,Adyar,681,221487
P04093,Chrompet,1050,277784
P08089,Anna Nagar,1870,376381
P09378,Adyar,931,260094
P07421,Anna Nagar,1703,314826
P01759,Karapakkam,877,288200
P07167,Adyar,722,327861
P08437,Chrompet,762,233031
P04886,Velachery,1510,287948
P01479,Adyar,749,263936
P02773,T Nagar,1840,481326
P08470,Chrompet,784,332526
P02635,Velachery,1699,435920
P07872,Anna Nagar,1761,611039
P03756,Adyar,700,383344
P09216,Chrompet,830,179746
P05141,Chrompet,834,254720
P01509,KK Nagar,1305,510839
P09721,Velachery,1653,506727
P06471,Karapakkam,1351,394471
P07114,Velachery,1576,370643
P07201,Chrompet,796,244369
P07279,Anna Nagar,1971,444721
P03204,KK Nagar,2321,796048
P08892,Chrompet,700,255555
P02337,Anna Nagar,1699,484234
P02354,KK Nagar,1323,687305
P05088,Velachery,1710,239981
P04908,Chrompet,838,224675
P07238,KK Nagar,1805,457201
P04781,Chrompet,1251,216388
P05692,Chrompet,1247,332198
P05453,Adyar,1228,272895
P05143,Adyar,867,299560
P07168,T Nagar,1519,595658
P09853,Velachery,1922,602386
P08595,Anna Nagar,1883,578668
P05012,KK Nagar,1906,467534
P00439,Chrompet,994,376366
P09120,Velachery,1636,479304
P03886,Karapakkam,1550,566067
P02535,Adyar,1090,434371
P00265,Anna Nagar,1808,468379
P07202,KK Nagar,2029,452264
P05788,Adyar,879,300729
P04560,Karapakkam,1347,272163
P09735,Velachery,1914,442770
P02017,KK Nagar,1752,509332
P08556,Chrompet,904,297639
P07464,Velachery,1990,376612
P01730,T Nagar,1934,352493
P06056,Adyar,909,478748
P02569,Adyar,1221,400695
P02742,Karapakkam,688,337821
P03291,KK Nagar,2379,834291
P05070,Anna Nagar,1568,353388
P05397,KK Nagar,1596,293952
P06672,T Nagar,1678,513172
P09063,Chrompet,1187,440507
P03478,Anna Nagar,1732,322295
P01872,KK Nagar,1534,584822
P05603,KK Nagar,1327,432654
P03466,KK Nagar,2245,810912
P05441,Chrompet,839,238690
P08898,Chrompet,1071,410157
P03245,Chrompet,1172,302024
P02998,Karapakkam,1516,354459
P04449,Anna Nagar,1976,721777
P03862,Karapakkam,995,165987
P02804,Karapakkam,879,250416
P07671,Chrompet,871,268150
P00117,Anna Nagar,1669,520670
P01553,Karapakkam,856,306568
P00447,Chrompet,1186,208239
P06178,Karapakkam,1213,405542
P03984,Adyar,1053,329571
P04693,Karapakkam,786,210622
P00060,T Nagar,1888,583209
P05115,KK Nagar,2210,481091
P00083,Anna Nagar,1922,339446
P08198,Adyar,825,283439
P05593,Karapakkam,932,285257
P04261,T Nagar,1661,508062
P09233,Anna Nagar,1540,465229
P00273,Chrompet,1208,319983
P08100,KK Nagar,2041,706237
P05204,Anna Nagar,1530,484079
P03227,Karapakkam,640,137741
P07378,Adyar,1226,397521
P06105,Karapakkam,1462,620400
P08922,Velachery,1724,533006
P00503,Chrompet,940,300708
P07943,Adyar,741,281208
P08807,T Nagar,1635,513393
P06960,Adyar,1274,344470
P07964,KK Nagar,1676,723451
P01877,Chrompet,1182,237577
P07498,Chrompet,1105,286380
P00950,Chrompet,768,281696
P02037,Chrompet,927,271833
P02967,Adyar,924,400644
P02707,Karapakkam,911,199312
P04395,Velachery,1956,498849
P07215,KK Nagar,2077,642539
P05901,Velachery,1991,418003
P02962,KK Nagar,1726,544192
P09674,Velachery,1779,553761
P01273,T Nagar,1525,322791
P06882,KK Nagar,2484,600556
P03965,KK Nagar,1366,489173
P09171,Chrompet,1257,325955
P03192,Karapakkam,664,168825
P05892,KK Nagar,2001,523526
P00287,Chrompet,990,280442
P07008,Velachery,1573,302918
P08605,Chrompet,1083,234116
P03692,Karapakkam,1179,314647
P07403,Adyar,1120,388718
P03515,Chrompet,846,273773
P06680,KK Nagar,2209,468454
P02182,Karapakkam,573,156226
P06408,Velachery,1741,443331
P00536,Anna Nagar,1667,474625
P06357,Chrompet,813,209197
P08276,Velachery,1749,481914
P03412,T Nagar,1676,627265
P03488,Anna Nagar,1603,534089
P03320,Anna Nagar,1648,438410
P08043,Adyar,661,301172
P08239,Adyar,618,343114
P02211,Velachery,1524,397603
P00116,Chrompet,783,200071
P02342,Chrompet,1247,423489
P04287,Karapakkam,976,350926
P00173,Chrompet,1279,266538
P03475,Karapakkam,1434,281940
P05235,Karapakkam,653,275724
P00543,Chrompet,1120,359856
P00862,T Nagar,1624,516501
P00415,Anna Nagar,1512,356386
P06233,Karapakkam,831,158210
P08067,Chrompet,1107,386207
P02978,Karapakkam,626,293204
P06428,Velachery,1806,342254
P00527,Chrompet,1056,254214
P04738,KK Nagar,2157,416700
P08678,Velachery,1672,315850
P07665,Velachery,1621,403076
P01811,Adyar,639,144418
P07791,Chrompet,915,337000
P00926,Chrompet,1201,368245
P07298,Chrompet,734,210735
P00613,Chrompet,987,402027
P00804,Chrompet,717,252333
P01664,Chrompet,841,231982
P00875,Anna Nagar,1750,350356
P07977,KK Nagar,1651,579338
P08684,Anna Nagar,1585,433449
P05628,KK Nagar,1788,523989
P06503,Adyar,968,540527
P06618,KK Nagar,1798,520367
P05831,Anna Nagar,1710,284592
P03735,KK Nagar,1826,456973
P05393,Karapakkam,759,267410
P08725,Anna Nagar,1651,450147
P08986,Chrompet,1014,272287
P05732,Karapakkam,1546,499300
P07106,Chrompet,1130,326277
P04966,Karapakkam,594,194610
P06032,Velachery,1873,314210
P03169,Velachery,1756,523086
P01010,Chrompet,838,212411
P04731,Velachery,1608,475600
P05931,KK Nagar,2232,584404
P00080,T Nagar,1530,725800
P01233,T Nagar,1874,482559
P05758,Velachery,1877,462824
P04623,Karapakkam,1008,278564
P02780,T Nagar,1912,407092
P07944,Adyar,638,396017
P07763,KK Nagar,2369,588402
P04940,KK Nagar,1580,329010
P06282,KK Nagar,1766,728355
P01075,Anna Nagar,1943,446377
P05871,Anna Nagar,1885,847422
P07329,Chrompet,1233,292084
P05001,Adyar,972,264461
P10022,Velachery,1668,446273
P06523,Anna Nagar,1758,397436
P03300,Chrompet,1217,332327
P08870,Velachery,1543,395970
P10004,Velachery,1828,402910
P03535,Karapakkam,1364,505230
P07719,Velachery,1699,252596
P08302,KK Nagar,2487,490815
P02301,Chrompet,1012,222330
P00866,Anna Nagar,1629,402524
P08978,Chrompet,1034,334591
P09913,Velachery,1514,367667
P00698,Chrompt,892,309820
P00681,Chrompet,999,302239
P06060,Karapakkam,1486,457723
P02859,Karapakkam,766,270180
P08762,Velachery,1995,377849
P07733,KK Nagar,1457,572228
P05681,Chrompet,1059,404311
P04094,Anna Nagar,1827,417717
P06480,KK Nagar,1576,416286
P06442,KK Nagar,2121,389799
P05811,Karapakkam,963,174030
P04049,Chrompet,940,337200
P01003,Chrompet,1294,344006
P08850,Adyar,726,300341
P01338,Chrompet,1024,328763
P06701,Chrompet,1292,462982
P07076,Anna Nagar,1605,379149
P06619,KK Nagar,1649,452029
P09518,Velachery,1587,298801
P01899,Karapakkam,1478,544286
P00369,Anna Nagar,1654,505842
P04747,Chrompet,887,245617
P08920,Chrompet,1202,386190
P03097,T Nagar,1601,488167
P07288,KK Nagar,1748,437245
P09209,Chrompet,883,225144
P04757,Karapakkam,970,275168
P03907,Karapakkam,1107,164685
P04150,Chrompet,1273,312387
P04581,KK Nagar,2392,574846
P09801,Velachery,1846,317194
P06725,Chrompet,719,199009
P06575,Karapakkam,987,348316
P04359,Chrompet,966,301368
P02256,Karapakkam,1561,280179
P06927,KK Nagar,2044,437690
P08233,Adyar,892,330504
P00991,Chrompet,727,225652
P06872,Adyar,1116,337686
P03894,Velachery,1689,408116
P04174,Velachery,1716,470127
P03045,Karapakkam,1152,331700
P02375,Chrompet,1275,445725
P06402,Karapakkam,1690,355251
P05998,KK Nagar,2014,559999
P06743,KK Nagar,2046,585255
P04255,Karapakkam,644,247150
P09341,Velachery,1519,335207
P03214,Chrompet,866,366596
P06425,Chrompet,1101,216974
P01245,Chrompet,1024,277485
P08200,KK Nagar,2434,583697
P08833,Chrompet,1212,296233
P00761,Anna Nagar,1825,419034
P00406,Anna Nagar,1723,322713
P02036,Karapakkam,665,223587
P07043,Anna Nagar,1768,526565
P04404,Chrompet,1231,259617
P06190,Karapakkam,1038,185249
P08366,Chrompet,759,296469
P08404,Anna Nagar,1653,355073
P01830,Chrompet,1217,217132
P00933,Anna Nagar,1892,464277
P01717,Chrompet,754,316315
P08680,T Nagar,1508,399270
P07549,T Nagar,1864,557599
P02510,Karapakkam,1020,347459
P03134,Adyar,642,236702
P07843,Velachery,1883,318514
P01134,Chrompet,841,246514
P04308,Chrompet,985,281565
P08087,KK Nagar,2171,544922
P03518,Karapakkam,628,281900
P09410,Anna Nagar,1730,650759
P05816,Karapakkam,924,244296
P06778,KK Nagar,2049,740282
P08346,Chrompet,1238,319032
P08397,Adyar,1054,256295
P07486,KK Nagar,1544,411552
P09848,Velachery,1842,437162
P02150,Karapakkam,936,202680
P04461,Chrompet,977,344280
P06074,Karapakkam,1348,347305
P09844,Velachery,1624,363536
P08741,Chrompet,844,389360
P01079,Chrompet,711,181662
P04787,Karapakkam,1491,375369
P00772,Chrompet,1282,351435
P09306,Chrompet,905,274913
P03131,Karapakkam,506,205590
P05294,T Nagar,1991,559128
P04381,Anna Nagar,1732,674979
P06430,Velachery,1665,301647
P02625,Karapakkam,745,144337
P01562,KK Nagar,1960,773553
P08637,Chrompet,1267,358730
P09062,Chrompet,793,259693
P05889,Adyar,808,201302
P06397,Chrompet,817,214388
P06607,Karapakkam,1020,453362
P02509,Karapakkam,812,235892
P08594,Anna Nagar,1874,647643
P04337,Karapakkam,850,142678
P00795,Chrompet,855,290351
P02923,Chrompet,835,197730
P09082,Chrompet,1073,216860
P03826,Karapakkam,1676,344216
P09002,T Nagar,1938,843755
P06451,Chrompet,709,292916
P09236,Chrompet,836,188743
P08758,Chrompet,937,238778
P09695,Velachery,1992,510167
P03079,Anna Nagar,1554,330212
P03624,Karapakkam,1035,163832
P03859,Chrompet,889,158751
P08675,Anna Nagar,1639,325144
P08549,Adyar,622,131252
P01581,Anna Nagar,1968,490759
P06563,Karapakkam,603,333435
P04368,Karapakkam,1117,306443
P07757,Anna Nagar,1893,633926
P09071,Velachery,1740,381539
P02639,Karapakkam,1417,280583
P04282,Chrompet,1288,244400
P09428,Chrompet,1246,258606
P09682,Velachery,1532,308276
P03100,Karapakkam,1333,206063
P01136,Chrompet,976,312753
P02427,Chrompet,801,221400
P01996,Adyar,824,242456
P07482,Adyar,1030,399974
P09630,Velachery,1817,325581
P05324,Karapakkam,659,130874
P08847,Velachery,1989,409461
P05643,Adyar,857,285968
P09184,T Nagar,1553,293076
P02318,T Nagar,1599,410473
P00737,Chrompet,897,362185
P07146,Velachery,1604,340614
P07326,KK Nagar,1573,591860
P01199,Chrompet,742,341916
P08365,Adyar,1225,618560
P09749,Velachery,1950,612829
P00094,Anna Nagar,1602,503198
P08750,Velachery,1634,333175
P03467,KK Nagar,1595,419265
P09022,Chrompet,1034,247404
P06580,KK Nagar,1562,692451
P01138,Anna Nagar,1642,739322
P08525,Adyar,1031,385891
P02837,T Nagar,1658,321683
P03321,Anna Nagar,1781,408410
P08491,Velachery,1799,357032
P04231,Karapakkam,1230,251091
P08498,Chrompet,875,260675
P07710,Adyar,1261,430866
P03856,Chrompet,1242,233801
P09797,Velachery,1747,439518
P04511,Karapakkam,1667,506022
P05527,Chrompet,723,287345
P00457,Anna Nagar,1625,378595
P01262,Chrompet,884,310419
P09072,Adyar,736,325129
P00065,Anna Nagar,1621,405556
P06658,T Nagar,1890,427789
P02700,KK Nagar,1915,343696
P09789,Velachery,1911,667733
P03398,KK Nagar,2370,367387
P06823,Velachery,1903,497065
P03155,KK Nagar,2273,386555
P01414,Chrompet,1256,263607
P03667,Adyar,1274,313268
P02566,KK Nagar,2052,395388
P03799,Karapakkam,941,311226
P04876,Chrompet,1194,415643
P05588,Karapakkam,1606,256932
P01271,Chrompet,1249,280666
P00496,Anna Nagar,1854,452417
P07470,Velachery,1531,321921
P01977,Anna Nagar,1895,838819
P02199,Chrompet,983,211078
P00588,Anna Nagar,1569,376966
P02059,Anna Nagar,1609,488618
P01169,Chrompet,912,285880
P07610,Chrompet,998,218360
P04960,Chrompet,990,250133
P08074,Chrompet,994,273217
P09988,Velachery,1898,369804
P04918,Chrompet,754,320808
P06023,Chrompet,710,210955
P05019,Karapakkam,1287,325234
P06765,KK Nagar,1601,365369
P04116,Chrompet,943,365295
P06702,KK Nagar,2374,665165
P02358,Adyar,1178,363522
P01130,Chrompet,1180,238555
P02592,Karapakkam,1080,325591
P05062,Adyar,1251,342347
P05574,Adyar,997,274546
P07220,Anna Nagar,1516,356019
P00581,Chrompet,839,247346
P07059,Chrompet,829,194962
P06468,KK Nagar,1611,435655
P01556,Karapakkam,1208,445713
P02282,Velachery,1878,399367
P08871,Chrompet,733,291732
P04669,Chrompet,814,260358
P07045,Chrompet,954,233848
P07064,KK Nagar,2334,710760
P07584,KK Nagar,1648,440069
P01494,Anna Nagar,1993,374947
P04687,Karapakkam,1337,342322
P01740,Karapakkam,1616,215340
P10030,Velachery,1640,459521
P09421,Chrompet,1105,211780
P07115,Adyar,1158,338028
P08172,KK Nagar,1510,410871
P04848,Karapakkam,644,316592
P04945,Karapakkam,1192,237666
P08379,Adyar,1209,399797
P04780,Karapakkam,522,141158
P03824,Karapakkam,881,442125
P07832,Chrompet,1270,374334
P00155,Chrompet,1024,253203
P01677,Adyar,1017,316940
P09895,Velachery,1992,540571
P08022,KK Nagar,1323,458912
P02697,Chrompet,1277,507134
P01144,T Nagar,1960,657845
P08687,Velachery,1822,499832
P05878,Chrompet,934,223623
P04309,Karapakkam,1119,341420
P09938,Velachery,1941,544815
P02042,Velachery,1937,348123
P03215,KK Nagar,1972,443748
P00736,Anna Nagar,1585,532361
P00198,Anna Nagar,1933,391702
P05911,T Nagar,1814,551325
P01197,Chrompet,1129,338529
P03268,KK Nagar,2083,469095
P02812,KK Nagar,1668,465062
P02446,Karapakkam,1608,300839
P07276,Velachery,1606,447292
P03801,Karapakkam,1284,183216
P08046,T Nagar,1903,573758
P08671,Chrompet,956,296185
P09873,Velachery,1807,331099
P09954,Velachery,1591,471008
P09006,T Nagar,1626,642243
P08704,Anna Nagar,1634,553003
P04905,KK Nagar,2127,572686
P03306,KK Nagar,1512,408919
P06372,Karapakkam,1528,546468
P01441,Adyar,1122,306368
P04964,KK Nagar,1395,436636
P00999,T Nagar,1791,511749
P09227,Anna Nagar,1972,605405
P09820,Velachery,1831,354377
P09118,Velachery,1516,534113
P05368,Karapakkam,1534,362331
P02122,KK Nagar,2476,1029389
P07918,Adyar,1250,405039
P04162,Karapakkam,1479,486330
P05361,Karapakkam,592,205988
P06284,Karapakkam,1433,343571
P02214,KK Nagar,1323,507707
P09155,Anna Nagar,1969,826966
P03677,KK Nagar,2084,472025
P07476,Adyar,1084,290232
P01731,Anna Nagar,1998,347652
P07305,Chrompet,853,289151
P03832,KK Nagar,2105,418481
P02213,KK Nagar,1860,588694
P04635,Velachery,1576,473626
P07702,Chrompet,1278,234161
P04659,Chrompet,748,273603
P01211,Anna Nagar,1791,473414
P04990,Anna Nagar,1687,742036
P08721,Chrompet,1065,325265
P08484,Anna Nagar,1710,386497
P05016,T Nagar,1965,661574
P02474,Anna Nagar,1893,594768
P06371,T Nagar,1950,366830
P03280,Karapakkam,1576,343740
P05026,Karapakkam,567,309856
P07426,Anna Nagar,1831,329711
P04408,Karapakkam,1460,616644
P03354,Anna Nagar,1638,688584
P01894,Velachery,1823,429145
P02333,Chrompet,847,259979
P07799,KK Nagar,2250,604688
P07154,Chrompet,840,229928
P02400,KK Nagar,2001,683524
P06162,Velachery,1926,287439
P00309,Chrompet,932,351399
P04969,Karapakkam,777,190727
P07230,KK Nagar,1612,652106
P01289,Chrompet,1251,449909
P09865,Velachery,1746,381504
P02430,KK Nagar,1741,419094
P06868,Anna Nagar,1997,357470
P08654,Velachery,1506,344623
P06566,Karapakkam,1390,239879
P07715,Chrompet,745,285327
P02250,KK Nagar,1473,370215
P08124,Velachery,1574,447346
P09857,Velachery,1892,288460
P01366,Anna Nagar,1820,321824
P09181,Anna Nagar,1915,698411
P08627,Adyar,1191,458000
P01204,T Nagar,1507,377711
P07240,Adyar,1100,372419
P02415,Karapakkam,748,240102
P06520,Velachery,1887,250673
P03740,Karapakkam,523,129408
P06731,Chrompet,756,287699
P03863,Chrompet,973,220298
P00690,T Nagar,1839,695690
P07223,KK Nagar,1316,386654
P03212,Karapakkam,1638,246953
P03952,Karapakkam,1688,311395
P03035,Chrompet,1215,234880
P08453,Chrompet,911,212647
P04143,KK Nagar,1584,559946
P03456,KK Nagar,2009,553555
P06420,Karapakkam,1602,270845
P00676,Anna Nagar,1708,340028
P01611,Adyar,735,271070
P07700,KK Nagar,2462,796731
P05678,Anna Nagar,1990,593045
P03313,Anna Nagar,1905,375666
P08900,Velachery,1944,344925
P09795,Velachery,1601,552570
P00424,Chrompet,1228,295054
P09232,Velachery,1859,290749
P01229,T Nagar,1817,384904
P05061,Velachery,1564,548407
P00689,Chrompet,933,297510
P09150,Velachery,1642,303867
P03744,KK Nagar,1318,575222
P03697,Anna Nagar,1623,467716
P02226,KK Nagar,2030,524941
P04289,Karapakkam,545,150547
P09693,Velachery,1876,274543
P02329,KK Nagar,1767,457499
P02281,Karapakkam,1209,410779
P00752,Anna Nagar,1804,593227
P06885,Adyar,893,508282
P01980,Karapakkam,1289,206799
P02414,Karapakkam,1694,700913
P01292,Anna Nagar,1622,469837
P07559,KK Nagar,1579,325428
P05881,Chrompet,876,241982
P02782,Karapakkam,1627,301080
P05585,Karapakkam,651,178331
P03971,KK Nagar,2146,592314
P04184,Adyar,1025,346329
P09637,Velachery,1785,311366
P00258,Anna Nagar,1751,525226
P09480,Adyar,1191,577358
P09465,Adyar,895,320702
P08446,Anna Nagar,1894,339476
P04210,T Nagar,1793,457424
P09346,Chrompet,1291,345429
P00379,Chrompet,886,317092
P04546,Adyar,983,381587
P00556,Chrompet,1104,359473
P00797,Anna Nagar,1933,614199
P01841,KK Nagar,1982,793379
P06584,Anna Nagar,1899,517313
P08021,Anna Nagar,1947,856859
P06710,Velachery,1720,330473
P09525,Velachery,1776,332881
P09097,Velachery,1948,333258
P09605,Velachery,1621,539757
P02035,Karapakkam,1106,175598
P03309,KK Nagar,2243,519228
P08139,Velachery,1774,311315
P01263,Chrompet,995,221683
P07981,Chrompet,912,279797
P08936,Chrompet,1104,271776
P01453,Anna Nagar,1732,471030
P04696,Adyar,980,301372
P09310,Velachery,1845,304862
P06055,Karapakkam,1116,190224
P02444,Chrompet,868,197709
P05036,Anna Nagar,1913,456335
P02847,Velachery,1536,462053
P05539,Karapakkam,1411,302746
P04301,Velachery,1788,529270
P04453,Anna Nagar,1892,687708
P01001,Chrompet,874,349278
P09811,Velachery,1530,308451
P03218,Chrompet,885,298494
P09614,Velachery,1716,363598
P09254,T Nagar,1592,431236
P03962,T Nagar,1883,777496
P01269,Chrompet,1124,321550
P08324,Velachery,1767,365922
P00519,Anna Nagar,1786,383942
P05092,Chrompet,1200,397489
P01591,Adyar,1086,488079
P02063,Karapakkam,693,223481
P06918,Chrompet,973,290735
P04373,KK Nagar,2147,554733
P04540,Anna Nagar,1608,318725
P01252,Chrompet,772,373740
P06490,Adyar,1165,256815
P05785,Karapakkam,1399,357347
P09989,Velachery,1980,600296
P07718,KK Nagar,1591,450705
P03371,Adyar,1085,487583
P08402,Chrompet,985,275958
P00648,T Nagar,1646,518028
P00181,Chrompet,1044,255778
P04372,KK Nagar,2247,485475
P07160,T Nagar,1543,460622
P06863,Anna Nagar,1851,370234
P00684,Anna Nagar,1588,343626
P06134,Velachery,1633,263633
P08935,Velachery,1978,602909
P02869,Chrompet,757,253975
P05482,Karapakkam,857,368820
P02939,KK Nagar,1746,472813
P04796,Karapakkam,1285,258172
P02200,KK Nagar,2423,677031
P04394,Karapakkam,1012,179933
P01890,T Nagar,1744,399804
P04601,Adyar,1232,383213
P08489,Adyar,990,366769
P07712,KK Nagar,1389,446636
P06697,Velachery,1964,659974
P07017,Velachery,1806,553467
P03082,Karapakkam,738,250037
P07018,Chrompet,822,217785
P07394,Chrompet,705,186085
P09688,Velachery,1866,449949
P08187,Adyar,884,454408
P04284,Karapakkam,741,166630
P04152,Chrompet,836,204310
P06281,Velachery,1983,345029
P01805,Chrompet,704,223179
P06286,Chrompet,733,288089
P03241,Karapakkam,1432,317008
P06839,KK Nagar,1378,342407
P10025,Velachery,1639,379360
P04889,KK Nagar,1727,751482
P08213,KK Nagar,2149,788572
P04351,Adyar,819,421139
P00798,T Nagar,1853,682174
P08423,T Nagar,1523,459003
P00885,Anna Nagar,1942,454637
P02049,Karapakkam,1421,255531
P09286,Chrompet,834,290650
P08668,T Nagar,1561,565359
P02525,Anna Nagar,1676,398326
P02975,Anna Nagar,1714,527704
P04545,Karapakkam,1059,370391
P02346,Adyar,937,251379
P09850,Velachery,1654,470169
P01531,Adyar,613,242296
P03285,Karapakkam,1652,219961
P09669,Velachery,1827,460221
P05075,Karapakkam,996,221746
P01828,Karapakkam,776,287798
P09219,T Nagar,1818,334505
P03106,Chrompet,1063,297109
P06014,KK Nagar,2054,593282
P03616,Anna Nagar,1513,343235
P07837,Velachery,1925,352376
P08157,Chrompet,1231,276816
P08092,Chrompet,1031,300244
P04165,Velachery,1819,340355
P07743,Velachery,1610,563955
P02681,KK Nagar,2109,582076
P05206,KK Nagar,1811,419174
P02032,Chrompet,1146,223695
P06819,Velachery,1769,493655
P00323,Anna Nagar,1960,553924
P01858,Karapakkam,728,402485
P07001,T Nagar,1575,686963
P02924,Karapakkam,1324,396150
P07738,Velachery,1833,411509
P08886,Adyar,1132,408413
P05863,Chrompet,1032,240746
P03872,Karapakkam,1483,352494
P09499,Chrompet,1164,320150
P00090,Chrompet,921,246256
P04828,Karapakkam,1047,303834
P08064,Chrompet,1112,403411
P04989,Anna Nagar,1913,764906
P09053,T Nagar,1653,436997
P05487,Karapakkam,1524,340985
P05116,Karapakkam,678,194745
P03865,Karapakkam,1344,330510
P07675,Chrompet,1193,405783
P06087,Adyar,1021,354412
P08914,Adyar,1162,474384
P06352,KK Nagar,2390,404210
P05188,Chrompet,1154,236066
P07517,Adyar,941,478460
P02563,Adyar,892,235630
P04365,Velachery,1552,238109
P03427,Velachery,1706,357944
P00053,Ann Nagar,1854,447761
P02407,Karapakkam,588,215559
P09278,T Nagar,1924,479625
P00819,Chrompet,1160,233778
P02699,Anna Nagar,1645,559049
P07315,KK Nagar,2374,773574
P03798,Chrompet,1227,416115
P04858,Velachery,1972,373374
P05398,KK Nagar,2096,405413
P02732,Chrompet,1115,302369
P07628,Velachery,1598,331720
P07796,Velachery,1864,380332
P01698,Chrompet,1054,346079
P06322,KK Nagar,2317,351721
P00682,Chrompet,1237,243976
P08483,Anna Nagar,1503,383244
P00907,Chrompet,1154,279094
P05457,Karapakkam,685,254555
P05090,Adyar,1117,393819
P03120,Karapakkam,565,208202
P02154,Karapakkam,1330,491575
P07896,Anna Nagar,1985,519378
P09277,Adyar,1073,231368
P03444,Karapakkam,1400,337980
P04947,Chrompet,1201,286716
P09792,Velachery,1573,337638
P00594,Chrompet,925,267665
P07296,Velachery,1808,315592
P04822,Karapakkam,765,297399
P06151,Chrompet,953,243190
P02574,KK Nagar,2018,458848
P01962,KK Nagar,2404,573361
P00734,Chrompet,1050,432374
P06456,KK Nagar,1764,623827
P09317,Adyar,1044,338824
P07087,KK Nagar,1319,536919
P00533,Anna Nagar,1589,373493
P06905,T Nagar,1878,350470
P08714,Chrompet,1075,231656
P07452,KK Nagar,1323,340425
P02642,KK Nagar,2096,541812
P04838,Velachery,1609,465795
P04998,Karapakkam,1573,406320
P09966,Velachery,1698,457914
P06647,Karapakkam,1476,401566
P09156,Velachery,1732,305514
P02353,T Nagar,1877,555503
P00428,Anna Nagar,1736,429353
P04626,Karapakkam,1382,349055
P01274,Chrompet,884,222936
P08557,Anna Nagar,1560,418294
P08180,T Nagar,1928,440732
P01047,Chrompet,1197,289750
P07316,Chrompet,840,223264
P00971,Anna Nagar,1940,547380
P06497,KK Nagar,1751,325073
P02963,KK Nagar,1502,491422
P05716,KK Nagar,2173,448639
P01224,Chrompet,809,357384
P07785,Adyar,769,208817
P02578,Velachery,1726,406119
P05583,Anna Nagar,1530,721681
P03419,Karapakkam,1641,278385
P04396,Anna Nagar,1602,363218
P09548,Chrompet,1230,236931
P03482,Karapakkam,904,143781
P06124,KK Nagar,1520,377026
P05411,Karapakkam,1255,192766
P04392,Velachery,1720,461346
P09025,Chrompet,1294,431501
P01871,Chrompet,1170,232493
P04161,KK Nagar,1332,382407
P06111,KK Nagar,2134,623233
P03948,KK Nagar,1648,424987
P09900,Velachery,1891,330403
P08280,T Nagar,1560,589524
P07149,Adyar,858,202228
P02981,KK Nagar,2159,499195
P05458,Chrompet,830,241167
P02835,Velachery,1824,364581
P06366,T Nagar,1508,462060
P03750,Karapakkam,1288,320141
P08828,Chrompet,1298,292256
P01532,Chrompet,992,366543
P08495,Anna Nagar,1802,407830
P05071,KK Nagar,1447,514148
P01515,Velachery,1579,364970
P04214,Karapakkam,762,253259
P08661,Chrompet,1104,315138
P08073,Chrompet,902,230400
P07965,Velachery,1829,455330
P06258,Anna Nagar,1728,414917
P03176,Karapakkam,1623,435506
P01486,Karapakkam,1120,382626
P06421,T Nagar,1648,392857
P02467,Karapakkam,751,343684
P09880,Velchery,1602,491100
P08551,Chrompet,771,262990
P04576,Adyar,992,289596
P04220,Karapakkam,914,268208
P02456,Adyar,669,267494
P08036,Anna Nagar,1517,305543
P08910,Velachery,1874,677471
P07186,KK Nagar,1799,416505
P07604,KK Nagar,2475,425725
P03935,T Nagar,1819,499463
P08029,Chrompet,771,243444
P05677,T Nagar,1593,512194
P03437,Karapakkam,1688,304574
P08631,Velachery,1891,579863
P03945,Karapakkam,1144,151673
P02826,Karapakkam,817,460740
P04987,Adyar,1196,554400
P06510,Karapakkam,1377,255192
P00686,T Nagar,1640,349507
P02161,Karapakkam,1377,220071
P08416,Chrompet,1004,247817
P00381,Chrompet,1080,304979
P08789,Anna Nagar,1753,796632
P08106,Adyar,968,368664
P07328,Chrompet,1189,240612
P08341,Chrompet,738,195245
P01882,Karapakkam,1477,460674
P07465,Chrompet,1065,407369
P07398,T Nagar,1700,455741
P08097,KK Nagar,1907,347546
P01917,Velachery,1581,425231
P02889,KK Nagar,1628,630238
P08846,T Nagar,1961,488432
P05148,Chrompet,1048,414802
P08538,Chrompet,1100,327795
P00788,Chrompet,1018,286667
P02173,T Nagar,1921,834626
P08242,KK Nagar,1586,407573
P01823,Karapakkam,1529,361523
P00222,Anna Nagar,1685,480682
P02038,Anna Nagar,1821,429966
P02612,Karapakkam,1475,319704
P08372,Adyar,1018,308578
P09326,Anna Nagar,1773,434027
P09562,Chrompet,941,349956
P00876,Chrompet,1058,275598
P05731,KK Nagar,2404,796466
P04111,Anna Nagar,1714,435628
P04527,Adyar,811,343883
P09430,Adyar,777,257486
P04667,KK Nagar,2477,906191
P02870,Anna Nagar,1965,769413
P09496,Anna Nagar,1715,521610
P05664,KK Nagar,1668,447112
P09282,Velachery,1738,360758
P02260,Anna Nagar,1682,355748
P04508,KK Nagar,2055,565483
P06802,Chrompet,820,356356
P04380,Chrompet,951,260434
P07227,Velachery,1919,584673
P03341,Chrompet,985,280238
P00131,Chrompet,1262,393952
P00576,Anna Nagar,1577,370190
P07166,Anna Nagar,1604,560689
P06251,KK Nagar,1926,495198
P06237,T Nagar,1750,463573
P01514,Karapakkam,1676,346464
P04007,Chrompet,913,327667
P06923,Chrompet,887,249362
P06633,KK Nagar,1307,309062
P09927,Velachery,1604,458856
P00997,Chrompet,802,239027
P07393,Adyar,1250,483039
P01587,KK Nagar,1506,331248
P07244,Adyar,931,333610
P09172,T Nagar,1847,806340
P08944,Anna Nagar,1774,447949
P06147,KK Nagar,1734,516127
P07095,Chrompet,1140,347256
P01019,Anna Nagar,1956,647732
P03439,Chrompet,875,247450
P01612,Adyar,1048,260409
P06906,Anna Nagar,1874,635603
P08532,Adyar,666,260778
P07438,Adyar,955,342940
P08759,Adyar,610,321400
P07920,Chrompet,757,202289
P07766,Velachery,1794,353035
P04487,KK Nagar,2221,546361
P08719,T Nagar,1652,390598
P01050,T Nagar,1770,571907
P08834,Velachery,1719,287399
P01117,Anna Nagar,1805,564968
P06383,Karapakkam,690,148749
P08791,Chrompet,934,343830
P03327,KK Nagar,1397,307019
P08744,T Nagar,1989,849320
P06197,Karapakkam,538,307193
P10006,Velachery,1803,438010
P09926,Velachery,1607,385782
P01884,Adyar,1045,256082
P02777,Velachery,1683,290036
P07670,Chrompet,1250,315805
P08093,Chrompet,804,211697
P00337,Chrompet,988,358742
P08727,Chrompet,1126,412675
P02046,Chrompet,844,333245
P01930,Chrompet,1275,406467
P09089,Adyar,912,253280
P04003,Karapakkam,743,237493
P00307,T Nagar,1651,357018
P08432,Anna Nagar,1674,475260
P04912,Chrompet,1116,240751
P07728,KK Nagar,2082,491834
P01784,Adyar,728,346577
P03567,KK Nagar,2167,563710
P09849,Velachery,1730,508712
P05587,Karapakkam,1338,434811
P03707,Karapakkam,905,260140
P00291,Chrompet,903,186611
P03307,Karapakkam,580,160413
P01702,KK Nagar,1958,432898
P02803,KK Nagar,1699,365578
P08652,Chrompet,1097,249082
P06443,Karapakkam,1622,219013
P03910,KK Nagar,1303,401227
P06787,KK Nagar,1354,543714
P02405,KK Nagar,2219,432937
P06112,KK Nagar,1374,476380
P08694,Adyar,1040,277888
P05138,Karapakkam,1426,423091
P06405,Karapakkam,1604,399179
P00236,Chrompet,921,345519
P09253,Chrompet,915,227005
P08882,Velachery,1848,312162
P08424,Anna Nagar,1548,611892
P08592,T Nagar,1708,550073
P08212,Adyar,1065,363247
P01563,Karapakkam,1328,284016
P07821,Anna Nagar,1657,468957
P02305,Adyar,807,359708
P06679,T Nagar,1682,429975
P07927,Chrompet,759,224478
P03010,Velachery,1783,321445
P02107,Karapakkam,1430,232740
P05388,Velachery,1889,400395
P03188,Karapakkam,738,392564
P08112,Adyar,790,192392
P07083,Adyar,1154,523075
P08629,Velachery,1805,412348
P02999,Karapakkam,874,390814
P01396,Chrompet,815,237330
P02668,KK Nagar,2208,454714
P05694,Karapakkam,1612,301180
P03974,Velachery,1797,244936
P08041,KK Nagar,1692,431834
P02526,KK Nagar,1348,403687
P01434,Adyar,1011,354479
P01733,Karapakam,1477,212100
P03961,Chrompet,1052,379324
P08196,KK Nagar,2272,410862
P01765,Anna Nagar,1528,469943
P02098,Chrompet,803,287084
P07761,Chrompet,1219,253927
P09796,Velachery,1712,321273
P03600,Chrompet,837,278339
P02071,Karapakkam,1670,346779
P03919,Karapakkam,939,235703
P10009,Velachery,1738,336267
P06377,Anna Nagar,1858,329914
P09335,Adyar,1119,295603
P02539,Adyar,1013,348004
P06137,KK Nagar,1499,715380
P04419,Adyar,1004,461055
P07006,KK Nagar,1982,465688
P00129,Chrompet,1249,321511
P07126,Chrompet,863,297338
P09731,Velachery,1910,329437
P00769,Chrompet,772,238797
P04457,KK Nagar,2130,367368
P09217,Velachery,1981,501069
P09645,Velachery,1668,263050
P04154,KK Nagar,1554,477301
P00872,Chrompet,1094,385543
P08928,Velachery,1976,465439
P03933,Karapakkam,1114,202396
P06737,KK Nagar,1643,299873
P01595,Velachery,1578,232641
P05921,Chrompet,931,301499
P03649,T Nagar,1807,471279
P05448,Anna Nagar,1695,314444
P03179,Karapakkam,1264,290120
P02383,Chrompet,789,226032
P09463,Anna Nagar,1804,414552
P09705,Velachery,1989,301876
P00513,Chrompet,1227,219640
P08965,Anna Nagar,1762,300042
P04655,Karapakkam,631,321925
P00947,T Nagar,1827,388041
P03537,Chrompet,1275,288126
P09471,Chrompet,717,311981
P06963,Adyar,1283,344491
P03410,Velachery,1602,476456
P01438,T Nagar,1833,555950
P01355,Chormpet,924,326225
P02601,Adyar,614,266405
P03325,T Nagar,1774,484455
P02422,Velachery,1947,327458
P07300,Chrompet,1112,281269
P03523,Chrompet,964,214665
P01277,Chrompet,1173,264340
P01180,Chrompet,900,239350
P04585,Adyar,696,220603
P09495,Anna Nagar,1885,397779
P08008,Anna Nagar,1625,474960
P05799,Velachery,1500,211827
P00111,Chrompet,840,257884
P05382,KK Nagar,2057,635603
P09486,Velachery,1942,397240
P00157,Chrompet,710,201929
P01577,Chrompet,882,335207
P06436,Karapakkam,759,305384
P09561,Chrompet,1100,311545
P00905,Chrompet,792,210205
P08072,Chrompet,1139,292910
P09079,Anna Nagar,1540,603806
P04196,Adyar,1015,283712
P04825,T Nagar,1646,377755
P03741,KK Nagar,1828,575512
P09626,Velachery,1692,471740
P00559,Chrompet,1006,286664
P08216,T Nagar,1843,447365
P08007,T Nagar,1814,505125
P02074,Karapakkam,1078,283696
P04616,Karapakkam,743,296971
P08066,Chrompet,711,233200
P05421,Velachery,1631,290761
P05428,Chrompet,1258,408572
P08068,T Nagar,1546,523407
P01035,Chrompet,1039,282486
P06995,KK Nagar,2064,356789
P04573,Karapakkam,921,176393
P06546,Karapakkam,1349,238196
P00837,Chrompet,1076,352331
P04176,KK Nagar,1970,556831
P03618,Karapakkam,984,216359
P05615,T Nagar,1516,373352
P09546,Chrompet,1115,450186
P03814,Karapakkam,1508,476354
P06775,T Nagar,1869,534197
P03802,Velachery,1873,308994
P02408,Anna Nagar,1871,423817
P07749,KK Nagar,1980,572178
P06567,KK Nagar,2086,380374
P01364,Chrompet,993,286111
P00055,Anna Nagar,1855,490000
P01004,Chrompet,1238,328386
P00931,Anna Nagar,1571,601212
P07691,KK Nagar,1635,373509
P01924,KK Nagar,2005,521570
P05256,KK Nagar,2330,478477
P02384,T Nagar,1660,446031
P06283,KK Nagar,2335,505047
P02756,Velachery,1554,514217
P09582,Velachery,1875,458299
P00121,T Nagar,1727,447757
P05925,Anna Nagar,1699,529064
P06465,Karapakkam,779,310903
P01955,KK Nagar,1476,369445
P02522,Karapakkam,1157,373765
P07187,Velachery,1864,426943
P09302,Adyar,1148,415397
P05538,Karapakkam,1572,338415
P01706,Velachery,1983,444382
P00355,Chrompet,1228,417631
P06693,KK Nagar,1676,301167
P02027,KK Nagar,2112,521496
P07985,T Nagar,1876,417758
P09838,Velachery,1888,349553
P03915,Chrompet,1265,337382
P05400,Karapakkam,639,235428
P01641,Karapakkam,1367,236484
P09130,Adyar,1144,435391
P02576,Karapakkam,1421,225186
P03242,T Nagar,1529,596487
P02164,Velachery,1954,315011
P04364,Velachery,1788,575541
P07505,Velachery,1999,610022
P00514,Chrompet,1193,247192
P02733,Chrompet,912,376577
P03296,Karapakkam,1234,367543
P08287,KK Nagar,1317,351943
P04685,Karapakkam,677,275275
P02970,T Nagar,1958,578818
P03900,Anna Nagar,1526,765088
P00995,Chrompet,1061,386899
P08291,Chrompet,918,208446
P07322,Adyar,1240,352424
P09138,T Nagar,1975,749843
P03283,KK Nagar,2207,479115
P09727,Velachery,1991,407507
P05252,Anna Nagar,1890,560735
P08736,Chrompet,1270,340392
P04854,Chrompet,763,244923
P09998,Velachery,1964,720467
P04262,Anna Nagar,1512,312653
P07413,Chrompet,886,288611
P01497,Anna Nagar,1754,651394
P06655,Adyar,750,180663
P04375,Karapakkam,1044,161333
P09343,T Nagar,1822,464794
P00843,Chrompet,1001,384183
P05553,Karapakkam,1576,206929
P06561,Adyar,781,175696
P00915,Anna Nagar,1825,456493
P09691,Velachery,1522,467755
P02561,Velachery,1732,291394
P03809,Adyar,1104,347427
P00884,Anna Nagar,1811,401364
P01913,Anna Nagar,1552,733542
P02490,Karapakkam,882,249021
P03706,Karapakkam,1474,479620
P08534,Chrompet,1109,261038
P04656,Karapakkam,1374,209751
P03820,Anna Nagar,1921,538288
P00335,Anna Nagar,1838,312096
P08941,Chrompet,910,279724
P06382,KK Nagar,2477,793546
P04300,Karapakkam,843,324729
P02286,Karapakkam,1686,563756
P01419,Adyar,928,267122
P05339,Adyar,727,331572
P02489,KK Nagar,1979,590232
P05033,KK Nagar,2042,525747
P08445,Anna Nagar,1842,680916
P03435,Karapakkam,1260,143738
P01026,Chrompet,877,213883
P08548,Velachery,1997,517831
P01012,T Nagar,1811,549067
P05530,Karapakkam,1561,415305
P02993,Adyar,1019,311610
P09200,Chrompet,984,337631
P07792,Chrompet,1010,276743
P05179,Karapakkam,1477,283668
P04035,Karapakkam,971,303552
P08519,Chrompet,1042,314551
P06238,KK Nagar,2274,401727
P07063,KK Nagar,2416,523839
P02203,Anna Nagar,1860,627339
P00106,Chrompet,1006,449646
P01620,Adyar,936,348407
P05195,KK Nagar,1304,381267
P09479,Adyar,891,301059
P08505,Chrompet,966,269153
P07705,Anna Nagar,1834,423688
P09934,Velachery,1819,276176
P05212,KK Nagar,2443,546627
P04778,Karapakkam,1298,378891
P05166,Adyar,1272,305743
P01483,Anna Nagar,1678,769157
P01503,Chrompet,793,197844
P00620,Chrompet,1214,317899
P08376,Adyar,875,318074
P03426,KK Nagar,1992,534537
P07557,Chrompet,798,348609
P05879,Chrompet,1284,368847
P08266,Anna Nagar,1980,818239
P08999,Chrompet,910,277262
P07674,Velachery,1520,557617
P04322,Karapakkam,1660,560018
P09468,Chrompet,1048,399475
P02665,Karapakkam,1300,204067
P01916,Karapakkam,1451,314406
P07957,Velachery,1597,401982
P05159,Adyar,1181,400421
P06437,Karapakkam,993,316105
P07021,Chrompet,900,257936
P03022,Adyar,733,291314
P04480,T Nagar,1701,473028
P09115,Chrompet,1292,263764
P02930,Karapakkam,734,211992
P03657,Karapakkam,1601,463203
P02593,Adyar,939,492467
P09476,Chrompet,994,340489
P05434,Anna Nagar,1625,483049
P09748,Velachery,1862,597902
P02258,Adyar,615,301327
P01421,Chrompet,838,330003
P01167,Chrompet,824,331496
P02783,Chrompet,1014,250446
P02645,T Nagar,1902,542380
P09145,Adyar,847,214940
P00191,T Nagar,1717,437680
P01665,T Nagar,1999,460414
P03036,Chrompet,1266,291011
P05065,T Nagar,1895,555834
P04008,T Nagar,1610,366723
P00008,Anna Nagar,1652,679054
P07717,Anna Nagar,1671,331858
P09087,Velachery,1558,319795
P06154,Chrompet,796,313414
P08801,Anna Nagar,1990,632317
P09750,Velachery,1778,368814
P03579,Karapakkam,1048,306871
P03682,KK Nagar,2218,583608
P00733,Anna Nagar,1833,589223
P02648,Karapakkam,1213,293901
P07601,Adyar,1038,319359
P00476,Chrompet,1165,302174
P02594,Adyar,1168,324587
P02324,Velachery,1806,432090
P01909,Velachery,1887,583455
P07036,Chrompet,941,272973
P07372,T Nagar,1802,550340
P08134,KK Nagar,1837,341000
P07942,KK Nagar,1510,463472
P04595,KK Nagar,1606,527971
P03629,Karapakkam,1357,240730
P07203,Velachery,1880,519746
P07894,Chrompet,990,413926
P06373,Karapakkam,1454,297579
P00719,Chrompet,908,235805
P02928,Chrompet,831,262879
P03430,Karapakkam,613,208869
P06409,Adyar,798,222537
P07130,Anna Nagar,1579,306232
P03464,Adyar,1205,341062
P08225,Anna Nagar,1862,616022
P02081,Karapakkam,992,449412
P07673,Velachery,1920,525483
P08862,Anna Nagar,1851,422819
P02559,Karapakkam,792,294008
P01378,T Nagar,1644,414630
P08938,Adyar,993,200998
P04995,Karapakkam,905,237817
P00624,Anna Nagar,1565,576501
P02053,Karapakkam,1409,412731
P00601,Chrompet,1181,246181
P07608,Adyar,848,200513
P01959,Chrompet,705,189061
P08590,Chrompet,731,227640
P00924,Chrompet,870,243005
P05355,Adyar,1278,448437
P01527,Karapakkam,856,245487
P09527,Anna Nagar,1572,429259
P05991,T Nagar,1775,420073
P01715,Velachery,1950,587685
P06153,Chrompet,802,243764
P01757,Anna Nagar,1862,483880
P01369,Chrompet,702,212194
P07583,Anna Nagar,1723,481051
P08175,Velachery,1988,353841
P06969,Velachery,1696,237814
P02723,Anna Nagar,1918,505732
P07014,Anna Nagar,1972,512938
P01719,Karapakam,1028,232816
P00230,T Nagar,1947,615507
P08130,Adyar,679,176566
P07355,KK Nagar,1482,440998
P08547,T Nagar,1728,536103
P04011,KK Nagar,1780,404703
P04664,Adyar,847,243154
P06364,KK Nagar,2444,672804
P06614,T Nagar,1756,541928
P08258,Adyar,1183,394610
P01206,Anna Nagar,1953,485459
P01023,Anna Nagar,1690,343957
P10013,Velachery,1521,452411
P01400,Chrompet,851,405367
P01287,Chrompet,1039,285354
P00353,Anna Nagar,1514,695354
P00886,Chrompet,929,298478
P07284,Chrompet,1208,259498
P02462,KK Nagar,1768,329241
P01489,Chrompet,806,194322
P05531,Karapakkam,507,271615
P04761,Karapakkam,627,145789
P00303,Chrompet,852,316527
P04578,Adyar,871,291576
P08980,Adyar,730,322131
P00609,Anna Nagar,1790,433171
P00596,T Nagar,1851,350572
P01259,Anna Nagar,1561,345304
P09754,Velachery,1608,533536
P08301,KK Nagar,1784,496307
P04592,Chrompet,1021,338445
P03531,Karapakkam,1519,538560
P00120,Anna Nagar,1507,488832
P00801,T Nagar,1920,423521
P03584,Adyar,612,224352
P01881,Karapakkam,1476,275125
P03191,Karapakkam,1102,284560
P02673,Karapakkam,625,193830
P01984,KK Nagar,2006,474242
P06869,KK Nagar,1836,345903
P05671,KK Nagar,1401,271554
P00650,Chrompet,767,242528
P00168,Chrmpet,1141,405763
P04847,Anna Nagar,1567,573990
P07423,KK Nagar,1515,338528
P03891,Anna Nagar,1713,431279
P07858,Anna Nagar,1963,577600
P04263,KK Nagar,2431,691746
P01343,Anna Nagar,1981,676152
P04811,Chrompet,1084,249813
P04558,Chrompet,901,233908
P03713,Adyar,1127,489639
P05475,Anna Nagar,1610,603445
P00644,Chrompet,1057,368997
P06598,Karapakkam,500,334707
P06739,KK Nagar,2298,864482
P00728,Anna Nagar,1635,473286
P09481,Chrompet,782,150034
P00172,T Nagar,1815,526823
P07531,Anna Nagar,1572,365346
P03986,Anna Nagar,1889,395269
P07648,KK Nagar,1913,742513
P07190,T Nagar,1539,263264
P00243,Anna Nagar,1937,518104
P05789,KK Nagar,2364,381029
P09893,Velachery,1972,585155
P08698,Chrompet,1248,288180
P00904,Chrompet,1254,209409
P07730,Anna Nagar,1977,489012
P08125,Chrompet,1041,298827
P04498,KK Nagar,2013,606058
P09886,Velachery,1917,501446
P04374,Karapakkam,1154,189963
P00685,Chrompet,1239,369694
P05046,KK Nagar,2120,385849
P02802,Adyar,741,284789
P02913,Chrompet,883,254902
P02736,KK Nagar,1897,531882
P01604,Karapakkam,514,255377
P08709,Velachery,1805,449257
P07502,Adyar,1006,328496
P05335,T Nagar,1500,368781
P02922,Chrompet,831,194202
P02900,Karapakkam,1449,233766
P03554,Anna Nagar,1558,238124
P03980,T Nagar,1880,387829
P04090,Karapakkam,1175,321066
P09290,Adyar,1001,341864
P03387,Karapakkam,1501,488104
P03470,Karapakkam,633,225791
P00442,Chrompet,969,289780
P06261,Karapakkam,1041,259118
P06909,Chrompet,1246,244015
P00787,T Nagar,1717,366391
P04521,Karapakkam,1080,446325
P07783,KK Nagar,1757,540507
P00712,Anna Nagar,1598,327837
P09173,Velachery,1931,344244
P07195,Chrompet,991,216493
P04421,Karapakkam,1482,346636
P09627,Velachery,1812,376873
P05158,Velachery,1685,302816
P04004,Chrompet,1019,279336
P06848,KK Nagar,2099,484079
P06265,Karapakkam,772,192110
P06276,KK Nagar,1697,512051
P06172,KK Nagar,2445,349906
P07617,KK Nagar,2162,647054
P03851,Karapakkam,1259,492425
P03159,KK Nagar,1413,450401
P08457,Chrompet,1112,375501
P04832,Karapakkam,1597,244353
P00565,Chrompet,1144,327135
P00912,Chrompet,1112,334228
P07436,Chrompet,1010,325512
P08113,Chrompet,911,319935
P04437,KK Nagar,1740,389777
P00989,Chrompet,968,465894
P08580,Adyar,956,326565
P02485,Adyar,1270,395426
P06096,Velachery,1947,322443
P04302,Chrompet,908,379472
P03452,Velachery,1920,421129
P02121,Chrompet,1274,257490
P03777,Karapakkam,1153,262854
P09564,Velachery,1775,360194
P00249,Chrompet,1119,302881
P02403,Chrompet,1051,339612
P03391,Velachery,1601,369069
P08256,T Nagar,1762,335421
P04249,KK Nagar,1421,450796
P05773,Chrompet,839,273953
P04775,Chrompet,1067,295440
P01288,Anna Nagar,1711,523510
P04645,T Nagar,1629,458801
P09498,Chrompet,969,300899
P06548,Chrompet,1216,299316
P09814,Velachery,1779,398236
P06742,Anna Nagar,1721,332609
P03680,Karapakkam,518,250887
P09263,Chrompet,874,208274
P05073,Karapakkam,550,244767
P06249,Velachery,1969,356896
P05544,KK Nagar,2105,539671
P04700,Anna Nagar,1560,452586
P01653,Karapakkam,1639,427369
P01325,Chrompet,1166,302536
P04613,Chrompet,1115,225786
P04413,Karapakkam,566,198446
P08546,Chrompet,920,433110
P06256,T Nagar,1786,316564
P05325,Karapakkam,1311,272754
P08150,Anna Nagar,1511,396812
P08879,Anna Nagar,1538,559445
P07727,KK Nagar,2390,435578
P00553,Chrompet,1262,275533
P07157,KK Nagar,2005,771861
P00781,T Nagar,1759,279105
P07822,KK Nagar,1990,744841
P07909,KK Nagar,2243,504390
P00296,Anna Nagar,1505,420925
P06361,Velachery,1528,413248
P06988,KK Nagar,2457,513361
P00667,Chrompet,891,257000
P01794,Velachery,1779,503369
P01186,Chrompet,1072,227193
P06538,Velachery,1655,302885
P04459,Karapakkam,1590,350499
P07966,Adyar,650,202071
P04860,Chrompet,756,221430
P04197,T Nagar,1649,560616
P04933,KK Nagar,1518,314945
P08945,Adyar,884,325286
P08701,Velachery,1975,500476
P00399,Chrompet,723,287035
P09196,Chrompet,737,225857
P03699,Karapakkam,592,225913
P05142,Karapakkam,1550,373963
P00372,Chrompet,961,368901
P08161,Chrompet,1127,359405
P07855,Anna Nagar,1936,386734
P06091,Velachery,1746,382544
P09351,Chrompet,1257,281052
P08146,KK Nagar,1539,425034
P06591,Karapakkam,1263,387665
P07996,Chrompet,1030,365123
P02483,Karapakkam,1474,288313
P08998,Anna Nagar,1811,479699
P00564,Chrompet,1162,209872
P03443,Velachery,1595,325495
P08058,KK Nagar,1590,359538
P05258,Karapakkam,1440,305081
P03513,KK Nagar,2028,567936
P05626,Chrompet,850,290888
P02120,Velachery,1930,396518
P08194,Chrompet,1083,254980
P02190,Anna Nagar,1537,634082
P04293,KK Nagar,2424,618102
P05802,KK Nagar,1553,684732
P07292,KK Nagar,1729,770336
P00495,T Nagar,1663,469189
P06942,KK Nagar,1452,439950
P02883,KK Nagar,1785,474987
P03746,Karapakkam,761,211437
P08799,Chrompet,919,307342
P04315,Karapakkam,1265,472524
P00435,Chrompet,1291,287732
P02106,Anna Nagar,1657,356452
P04350,Karapakkam,564,261378
P04859,Chrompet,1158,259433
P07191,KK Nagar,1826,467076
P05546,Velachery,1820,550704
P03461,Karapakkam,1348,298897
P09711,Velachery,1740,269610
P00735,Chrompet,881,237742
P01845,Anna Nagar,1745,346577
P03067,Velachery,1668,530798
P02840,Karapakkam,910,191898
P04000,Anna Nagar,1563,397147
P00427,Chrompet,1106,296314
P08699,Chrompet,1219,407593
P09824,Velachery,1694,336332
P09193,Adyar,710,273328
P03871,Karapakkam,568,197700
P03017,Chrompet,1112,395508
P03896,KK Nagar,1606,324515
P08332,Chrompet,1008,221166
P04703,KK Nagar,2233,464160
P08779,Adyar,1237,294096
P04680,Karapakkam,923,227475
P08840,T Nagar,1827,496495
P09835,Velachery,1811,436788
P09962,Velachery,1924,333835
P07321,Velachery,1867,400251
P00969,Anna Nagar,1975,626355
P02205,KK Nagar,2280,960010
P03447,Velachery,1731,291316
P01299,Chrompet,922,333599
P01391,Anna Nagar,1907,376780
P01669,Karapakkam,736,478050
P08539,T Nagar,1610,404288
P05322,T Nagar,1886,727239
P01296,T Nagar,1633,548962
P00205,Chrompet,1143,354418
P08620,Chrompet,1117,267285
P03029,Chrompet,1122,249000
P01710,Karapakkam,1264,322250
P02519,Anna Nagar,1893,319179
P00578,Chrompet,822,213111
P08231,KK Nagar,1812,509427
P00227,Chrompet,1091,277629
P09478,Velachery,1972,521048
P04529,Chrompet,939,362405
P00314,Chrompet,1004,228201
P07290,Anna Nagar,1726,371399
P02877,Karapakkam,1094,234869
P06560,Adyar,1119,283698
P08286,Chrompet,914,364502
P08774,Adyar,1093,329488
P01536,KK Nagar,1790,683739
P03396,Adyar,1133,347322
P01860,Adyar,902,357366
P03038,KK Nagar,1790,472262
P07081,Chrompet,1095,213608
P02882,Chrompet,957,400321
P07402,KK Nagar,1451,357744
P01344,Chrompet,820,322422
P02508,KK Nagar,1980,639617
P06174,KK Nagar,1333,417043
P05326,Chrompet,891,267043
P00921,T Nagar,1761,707410
P08385,Anna Nagar,1642,650393
P08336,Velachery,1601,477147
P05271,Chrompet,1007,240684
P09333,Anna Nagar,1843,362899
P08110,Velachery,1591,485657
P00656,Chrompet,925,314390
P04339,Chrompet,973,237370
P06651,Adyar,979,399072
P00557,Chrompet,736,297502
P00084,Chrompet,983,357129
P02225,KK Nagar,1595,498959
P00284,T Nagar,1659,321729
P07871,Chrompet,1166,266085
P07246,T Nagar,1590,328091
P08722,T Nagar,1918,436803
P07010,Adyar,1213,251566
P08916,Chrompet,1276,282282
P01876,Adyar,1111,224739
P00046,Anna Nagar,1764,308742
P04662,Karapakkam,984,230975
P03247,Adyar,933,250461
P01704,Karapakkam,1485,397700
P05663,Chrompet,852,259091
P04795,KK Nagar,2233,401930
P09656,Velachery,1978,552884
P04330,Anna Nagar,1533,486131
P01223,Chrompet,1153,243897
P06613,Chrompet,814,349341
P07899,Adyar,1296,465504
P07206,KK Nagar,2348,521389
P09284,Adyar,707,250387
P08406,T Nagar,1676,522052
P05741,Karapakkam,1080,409241
P02287,Karapakkam,1571,419220
P08094,Anna Nagar,1809,337290
P07412,Adyar,842,227352
P02540,KK Nagar,1773,714565
P06998,Chrompet,1297,258983
P02872,Karapakkam,1660,639683
P07877,KK Nagar,2370,850030
P02075,Karapakkam,753,256726
P00477,Anna Nagar,1678,719129
P00076,Chrompet,1110,424598
P01140,Chrompet,1298,286407
P07429,KK Nagar,1491,595256
P07609,Chrompet,803,254892
P03861,Karapakkam,1059,309820
P05526,Adyar,1189,321148
P00319,Chrompet,1246,293833
P08359,Chrompet,761,244360
P07173,Adyar,1285,322571
P09359,Velachery,1515,513994
P06263,Karapakkam,834,407231
P09589,Velachery,1515,187700
P02575,Karapakkam,1038,230879
P09355,Adyar,1036,282160
P00446,Chrompet,767,277053
P05719,Karapakkam,1291,261443
P03069,Karapakkam,1082,212459
P00548,T Nagar,1981,340976
P06353,Karapakkam,1650,279782
P01101,Chrompet,1261,266142
P09613,Velachery,1723,535230
P00380,Chrompet,907,289194
P00373,Anna Nagar,1713,469254
P04296,Adyar,988,415679
P04013,KK Nagar,1782,532862
P08075,Anna Nagar,1724,493671
P08514,Adyar,1254,261728
P07979,Anna Nagar,1880,657330
P00506,Chrompet,885,289581
P03578,Karapakkam,1594,275079
P05594,Karapakkam,876,132379
P00218,Chrompet,1298,393310
P09100,Velachery,1570,253552
P00003,T Nagar,1608,572320
P07906,Velachery,1561,362537
P07219,KK Nagar,2207,339396
P03651,KK Nagar,1766,458039
P04188,Karapakkam,665,220023
P04849,Karapakkam,822,166947
P04219,Karapakkam,1222,393712
P03634,Adyar,750,355879
P08855,Chrompet,1086,395347
P03016,Adyar,912,486808
P03883,Adyar,1269,264896
P03685,Velachery,1636,377974
P05241,Chrompet,1069,348145
P09412,Velachery,1979,370165
P00277,Chrompet,1115,334059
P01640,Karapakkam,1041,304963
P07596,Chrompet,1044,351522
P02271,Anna Nagar,1578,465598
P09725,Velachery,1578,537150
P02505,Velachery,1531,463747
P00841,Chrompet,949,391790
P04792,Adyar,793,253533
P09017,Velachery,1880,302724
P02985,Velachery,1950,301026
P05653,Karapakkam,921,229413
P04915,Karapakkam,1640,281727
P08193,Chrompet,1078,368208
P02805,Karapakkam,1232,309918
P07552,Velachery,1822,263589
P04235,Karapakkam,1658,417638
P07359,Velachery,1540,249473
P09553,T Nagar,1935,429959
P00290,Chrompet,1182,258123
P03070,Karapakkam,984,318623
P04340,KK Nagar,2457,411010
P01139,T Nagar,1957,415518
P06274,Chrompet,831,214761
P03278,Karapakkam,1605,293594
P03011,Adyar,737,287243
P00932,Chrompet,1157,441210
P08760,T Nagar,1751,385555
P05606,Velachery,1778,238093
P09252,Chrompet,1010,246161
P00725,Chrompet,845,327201
P00808,Chrompet,1176,218909
P02926,Karapakkam,1284,320910
P02065,Chrompet,1022,241829
P09242,T Nagar,1817,293653
P04568,Karapakkam,1295,279675
P04632,Karapakkam,1592,243524
P02044,Anna Nagar,1730,673802
P06818,KK Nagar,1574,475173
P00809,T Nagar,1700,728563
P03085,Chrompet,1220,269971
P01700,Anna Nagar,1509,439585
P09287,Chrompet,1013,368504
P06825,KK Nagar,2327,686887
P05296,KK Nagar,2491,600885
P06114,Velachery,1796,360817
P05778,T Nagar,1581,403806
P06968,KK Nagar,2460,587767
P09957,Velachery,1515,527127
P01337,Anna Nagar,1814,352354
P02753,Karapakkam,1075,215528
P06166,KK Nagar,1433,380867
P00274,Anna Nagar,1949,819213
P06229,Velachery,1835,650202
P01411,Chrompet,1264,336322
P08745,Adyar,1032,355999
P04650,Karapakkam,927,278991
P04354,Chrompet,1245,261343
P06171,Chrompet,1279,312822
P08104,KK Nagar,1914,480423
P04064,Adyar,883,368893
P01994,Anna Nagar,1646,279582
P06175,KK Nagar,1853,613356
P07701,Adyar,775,259063
P01588,Karapakkam,1621,389864
P07589,Anna Nagar,1759,441609
P05364,Anna Nagar,1628,562750
P04207,Velachery,1771,507526
P00438,Chrompet,1188,391154
P06272,Karapakkam,1533,268329
P02142,Adyar,1215,452109
P04489,Karapakkam,1027,212644
P07888,KK Nagar,1384,292502
P00238,Chrompet,1169,414156
P09975,Velachery,1646,391725
P02421,Karapakkam,538,252720
P07237,Velachery,1985,699511
P08285,Adyar,1153,452501
P01619,Adyar,1222,367289
P07274,KK Nagar,2489,928174
P02493,KK Nagar,2207,368473
P03294,Karapakkam,727,116753
P04965,Karapakkam,996,312208
P04222,Chrompet,969,286822
P09008,Adyar,1107,571777
P00814,T Nagar,1559,345588
P01506,Karapakkam,1578,308997
P03538,Karapakkam,1687,371781
P02955,Karapakkam,1307,226776
P00250,Anna Nagar,1572,361179
P06392,Velachery,1525,534120
P04153,T Nagar,1771,524376
P05491,T Nagar,1608,718253
P03112,Karapakkam,898,223974
P00158,Chrompet,1223,300293
P08731,Chrompet,843,331800
P09741,Velachery,1599,523063
P10029,Velchery,1886,454419
P07554,Velachery,1769,364015
P06496,Karapakkam,692,273339
P02878,Adyar,716,201260
P00641,Chrompet,1254,227879
P07136,Adyar,1270,551006
P07199,Velachery,1651,319890
P08123,KK Nagar,2200,796818
P07963,KK Nagar,1486,506193
P04055,KK Nagar,2114,642914
P07269,KK Nagar,1666,326029
P06245,Anna Nagar,1896,550368
P06008,Chrompet,994,260707
P02839,Karapakkam,1180,346259
P07594,Velachery,1800,504532
P05269,Karapakkam,1445,263066
P09638,Velachery,1763,291656
P00711,Anna Nagar,1883,571546
P05814,Anna Nagar,1984,784780
P01947,Karapakkam,518,126072
P09979,Velchery,1598,494247
P04405,Chrompet,734,211836
P01163,Chrompet,862,259058
P04268,Adyar,791,256887
P01065,T Nagar,1784,404898
P08603,Adyar,1074,300022
P00474,Anna Nagar,1548,453935
P08173,Velachery,1527,511572
P00643,Chrompet,1089,417101
